<environmentvariabledefinition schemaname="oee_Gusseting">
  <apiid>/providers/microsoft.powerapps/apis/shared_sharepointonline</apiid>
  <defaultvalue>587845a8-709b-4356-8efe-68ab4bf3b1de</defaultvalue>
  <displayname default="Gusseting">
    <label description="Gusseting" languagecode="1033" />
  </displayname>
  <introducedversion>1.2.0.1</introducedversion>
  <iscustomizable>1</iscustomizable>
  <isrequired>0</isrequired>
  <parameterkey>table</parameterkey>
  <parentdefinitionid>
    <schemaname>oee_SharepointSite</schemaname>
  </parentdefinitionid>
  <secretstore>0</secretstore>
  <type>100000004</type>
</environmentvariabledefinition>