<environmentvariabledefinition schemaname="oee_RewindingEmployee">
  <apiid>/providers/microsoft.powerapps/apis/shared_sharepointonline</apiid>
  <displayname default="RewindingEmployee">
    <label description="RewindingEmployee" languagecode="1033" />
  </displayname>
  <introducedversion>1.3.1.3</introducedversion>
  <iscustomizable>1</iscustomizable>
  <isrequired>0</isrequired>
  <parameterkey>table</parameterkey>
  <parentdefinitionid>
    <schemaname>oee_SharepointSite</schemaname>
  </parentdefinitionid>
  <secretstore>0</secretstore>
  <type>100000004</type>
</environmentvariabledefinition>