<environmentvariabledefinition schemaname="oee_shared_sharepointonline_a31576ddcaf748aea00b266d90cb3bdf">
  <apiid>/providers/microsoft.powerapps/apis/shared_sharepointonline</apiid>
  <displayname default="Lamination">
    <label description="Lamination" languagecode="1033" />
  </displayname>
  <introducedversion>1.1.0.2</introducedversion>
  <iscustomizable>1</iscustomizable>
  <isrequired>0</isrequired>
  <parameterkey>table</parameterkey>
  <parentdefinitionid>
    <schemaname>oee_SharepointSite</schemaname>
  </parentdefinitionid>
  <secretstore>0</secretstore>
  <type>100000004</type>
</environmentvariabledefinition>