<environmentvariabledefinition schemaname="oee_BagPrintingEmpEntry">
  <apiid>/providers/microsoft.powerapps/apis/shared_sharepointonline</apiid>
  <defaultvalue>416c575b-19c3-45a7-98e8-8796d7253736</defaultvalue>
  <displayname default="BagPrintingEmpEntry">
    <label description="BagPrintingEmpEntry" languagecode="1033" />
  </displayname>
  <introducedversion>1.3.1.1</introducedversion>
  <iscustomizable>1</iscustomizable>
  <isrequired>0</isrequired>
  <parameterkey>table</parameterkey>
  <parentdefinitionid>
    <schemaname>oee_SharepointSite</schemaname>
  </parentdefinitionid>
  <secretstore>0</secretstore>
  <type>100000004</type>
</environmentvariabledefinition>