<environmentvariabledefinition schemaname="oee_shared_sharepointonline_2f634691eea14d4bbdc14bcf38b6a40e">
  <apiid>/providers/microsoft.powerapps/apis/shared_sharepointonline</apiid>
  <displayname default="LaminationComponent">
    <label description="LaminationComponent" languagecode="1033" />
  </displayname>
  <introducedversion>1.1.0.2</introducedversion>
  <iscustomizable>1</iscustomizable>
  <isrequired>0</isrequired>
  <parameterkey>table</parameterkey>
  <parentdefinitionid>
    <schemaname>oee_SharepointSite</schemaname>
  </parentdefinitionid>
  <secretstore>0</secretstore>
  <type>100000004</type>
</environmentvariabledefinition>