<ImportExportXml xmlns:xsi="http://www.w3.org/2001/XMLSchema-instance">
  <Entities></Entities>
  <Roles></Roles>
  <Workflows>
    <Workflow WorkflowId="{d937229d-3789-ee11-be37-6045bdad128a}" Name="Get Envi Variables">
      <JsonFileName>/Workflows/GetEnviVariables-D937229D-3789-EE11-BE37-6045BDAD128A.json</JsonFileName>
      <Type>1</Type>
      <Subprocess>0</Subprocess>
      <Category>5</Category>
      <Mode>0</Mode>
      <Scope>4</Scope>
      <OnDemand>0</OnDemand>
      <TriggerOnCreate>0</TriggerOnCreate>
      <TriggerOnDelete>0</TriggerOnDelete>
      <AsyncAutodelete>0</AsyncAutodelete>
      <SyncWorkflowLogOnFailure>0</SyncWorkflowLogOnFailure>
      <StateCode>1</StateCode>
      <StatusCode>2</StatusCode>
      <RunAs>1</RunAs>
      <IsTransacted>1</IsTransacted>
      <IntroducedVersion>1.2.0.1</IntroducedVersion>
      <IsCustomizable>1</IsCustomizable>
      <IsCustomProcessingStepAllowedForOtherPublishers>1</IsCustomProcessingStepAllowedForOtherPublishers>
      <PrimaryEntity>none</PrimaryEntity>
      <LocalizedNames>
        <LocalizedName languagecode="1033" description="Get Envi Variables" />
      </LocalizedNames>
    </Workflow>
    <Workflow WorkflowId="{86e24591-b0a0-ee11-a569-6045bdac56a0}" Name="Fetch Employee">
      <JsonFileName>/Workflows/FetchEmployee-86E24591-B0A0-EE11-A569-6045BDAC56A0.json</JsonFileName>
      <Type>1</Type>
      <Subprocess>0</Subprocess>
      <Category>5</Category>
      <Mode>0</Mode>
      <Scope>4</Scope>
      <OnDemand>0</OnDemand>
      <TriggerOnCreate>0</TriggerOnCreate>
      <TriggerOnDelete>0</TriggerOnDelete>
      <AsyncAutodelete>0</AsyncAutodelete>
      <SyncWorkflowLogOnFailure>0</SyncWorkflowLogOnFailure>
      <StateCode>1</StateCode>
      <StatusCode>2</StatusCode>
      <RunAs>1</RunAs>
      <IsTransacted>1</IsTransacted>
      <IntroducedVersion>2.0.0.0</IntroducedVersion>
      <IsCustomizable>1</IsCustomizable>
      <BusinessProcessType>0</BusinessProcessType>
      <IsCustomProcessingStepAllowedForOtherPublishers>1</IsCustomProcessingStepAllowedForOtherPublishers>
      <PrimaryEntity>none</PrimaryEntity>
      <LocalizedNames>
        <LocalizedName languagecode="1033" description="Fetch Employee" />
      </LocalizedNames>
    </Workflow>
  </Workflows>
  <FieldSecurityProfiles></FieldSecurityProfiles>
  <Templates />
  <EntityMaps />
  <EntityRelationships />
  <OrganizationSettings />
  <optionsets />
  <CustomControls />
  <EntityDataProviders />
  <CanvasApps>
    <CanvasApp>
      <Name>oee_oeeappv1_73ec4</Name>
      <AppVersion>2024-01-12T07:38:02Z</AppVersion>
      <Status>Ready</Status>
      <CreatedByClientVersion>3.23123.14.0</CreatedByClientVersion>
      <MinClientVersion>3.23123.14.0</MinClientVersion>
      <Tags>{"primaryDeviceWidth":"1366","primaryDeviceHeight":"768","supportsPortrait":"true","supportsLandscape":"true","primaryFormFactor":"Tablet","showStatusBar":"false","publisherVersion":"3.23123.14","minimumRequiredApiVersion":"2.2.0","hasComponent":"true","hasUnlockedComponent":"true","isUnifiedRootApp":"false","sienaVersion":"20240109T071848Z-3.23123.14.0","offlineLargeFilesSupport":"false"}</Tags>
      <IsCdsUpgraded>0</IsCdsUpgraded>
      <GalleryItemId xsi:nil="true"></GalleryItemId>
      <BackgroundColor>RGBA(0,176,240,1)</BackgroundColor>
      <DisplayName>OEE APP v1</DisplayName>
      <Description xsi:nil="true"></Description>
      <CommitMessage xsi:nil="true"></CommitMessage>
      <Publisher></Publisher>
      <AuthorizationReferences>[]</AuthorizationReferences>
      <ConnectionReferences>{"41b02f67-bce9-4fd4-ba1d-850face2907c":{"id":"/providers/microsoft.powerapps/apis/shared_sharepointonline","displayName":"SharePoint","iconUri":"https://connectoricons-prod.azureedge.net/releases/v1.0.1670/1.0.1670.3526/sharepointonline/icon.png","dataSources":["Yarn","BOM Report","Employee","Yarn Dev","Employee Login","Employee List","Production Order Dev","Yarn Component","Yarn Form_1","Loom","LoomSheet","ComponentLoom","YarnEmployee","AutoCuttingStitchingProduction","AutoCuttingStitchingEmployee","AutoCuttingStitching","ProductionPlanning"],"dependencies":[],"dependents":[],"parameterHints":{},"parameterHintsV2":{},"isOnPremiseConnection":false,"bypassConsent":false,"dataSets":{"https://ceedees.sharepoint.com/sites/CDAPP":{"dataSources":{"Employee Login":{"tableName":"ea664bb6-f09b-456c-be9a-797f654c63fa"},"Employee List":{"tableName":"8cb9d55c-5fe2-4a44-bc1d-57c4184ba967"},"Production Order Dev":{"tableName":"736af274-5c7e-4056-abd7-edf43aa830c6"},"BOM Report":{"tableName":"ac336637-12b9-43f6-a524-440627b559db"}}},"https://ceedees.sharepoint.com/sites/CDAPP_oee_SharepointSite":{"datasetOverride":{"name":"https://ceedees.sharepoint.com/sites/CDAPP","environmentVariableName":"oee_SharepointSite"},"dataSources":{"Loom":{"tableName":"870a662e-a7fe-4959-b58d-bbe603ff3276","tableNameOverride":{"name":"870a662e-a7fe-4959-b58d-bbe603ff3276","environmentVariableName":"oee_shared_sharepointonline_f190f0b18b894136b0390bf98b633113"}},"LoomSheet":{"tableName":"98ddb694-6b32-4aa4-b4d9-a11c00eaa2b0","tableNameOverride":{"name":"98ddb694-6b32-4aa4-b4d9-a11c00eaa2b0","environmentVariableName":"oee_shared_sharepointonline_13c65f588a714dc08ac346d890b2838f"}},"ComponentLoom":{"tableName":"1563fbc6-397c-4a4c-8c93-68ac3578bff6","tableNameOverride":{"name":"1563fbc6-397c-4a4c-8c93-68ac3578bff6","environmentVariableName":"oee_ComponentLoom"}},"YarnEmployee":{"tableName":"0549afe1-7284-4fe2-aedd-903e10e85401","tableNameOverride":{"name":"0549afe1-7284-4fe2-aedd-903e10e85401","environmentVariableName":"new_shared_sharepointonline_ce6642e685f2440599cfe1e8376cacf7"}},"AutoCuttingStitching":{"tableName":"25b7f632-7f88-4f2a-9759-452ebbda51ba","tableNameOverride":{"name":"25b7f632-7f88-4f2a-9759-452ebbda51ba","environmentVariableName":"oee_AutoCuttingStitching"}}}},"https://ceedees.sharepoint.com/sites/cd-app-qa_oee_SharepointSite":{"datasetOverride":{"name":"https://ceedees.sharepoint.com/sites/CDAPP","environmentVariableName":"oee_SharepointSite"},"dataSources":{"AutoCuttingStitchingProduction":{"tableName":"3467e440-c416-42f5-9f1a-05827c29cf3b","tableNameOverride":{"name":"277c0ffe-33cd-4f67-8df7-252cd217a923","environmentVariableName":"oee_AutoCuttingStitchingProduction"}},"AutoCuttingStitchingEmployee":{"tableName":"69d89f2e-5272-48a1-935e-89be5e93aefa","tableNameOverride":{"name":"4948854d-bce5-4749-8485-1caf6b0a99ab","environmentVariableName":"oee_AutoCuttingStitchingEmployee"}}}}},"apiTier":"Standard","actions":["providers/PowerPlatform.Governance/Operations/Read","providers/PowerPlatform.Governance/Operations/Write","providers/PowerPlatform.Governance/Operations/Delete"]},"dfeb2970-5d02-4974-be00-9b257353dddc":{"id":"/providers/microsoft.powerapps/apis/shared_sharepointonline","displayName":"SharePoint","iconUri":"https://connectoricons-prod.azureedge.net/releases/v1.0.1670/1.0.1670.3526/sharepointonline/icon.png","dataSources":["Yarn Component"],"dependencies":[],"dependents":[],"parameterHints":{},"parameterHintsV2":{},"isOnPremiseConnection":false,"bypassConsent":false,"dataSets":{"https://ceedees.sharepoint.com/sites/CDAPP_oee_SharepointSite":{"datasetOverride":{"name":"https://ceedees.sharepoint.com/sites/CDAPP","environmentVariableName":"oee_SharepointSite"},"dataSources":{"Yarn Component":{"tableName":"a263f047-ff42-4501-80a2-fb0550f21ad1","tableNameOverride":{"name":"a263f047-ff42-4501-80a2-fb0550f21ad1","environmentVariableName":"oee_YarnComponent"}}}}},"apiTier":"Standard","actions":["providers/PowerPlatform.Governance/Operations/Read","providers/PowerPlatform.Governance/Operations/Write"]},"e5aaeab2-9ed3-4c20-a663-4dec430540e5":{"id":"/providers/microsoft.powerapps/apis/shared_sharepointonline","displayName":"SharePoint","iconUri":"https://connectoricons-prod.azureedge.net/releases/v1.0.1670/1.0.1670.3526/sharepointonline/icon.png","dataSources":["Yarn Form_1"],"dependencies":[],"dependents":[],"parameterHints":{},"parameterHintsV2":{},"isOnPremiseConnection":false,"bypassConsent":false,"dataSets":{"https://ceedees.sharepoint.com/sites/CDAPP_oee_SharepointSite":{"datasetOverride":{"name":"https://ceedees.sharepoint.com/sites/CDAPP","environmentVariableName":"oee_SharepointSite"},"dataSources":{"Yarn Form_1":{"tableName":"56321444-75a3-4cc7-af36-3505130373af","tableNameOverride":{"name":"56321444-75a3-4cc7-af36-3505130373af","environmentVariableName":"oee_YarnForm"}}}}},"apiTier":"Standard","actions":["providers/PowerPlatform.Governance/Operations/Read","providers/PowerPlatform.Governance/Operations/Write"]},"60cab333-7b73-4a62-ad07-ccfd3714585a":{"id":"/providers/microsoft.powerapps/apis/shared_sharepointonline","displayName":"SharePoint","iconUri":"https://connectoricons-prod.azureedge.net/releases/v1.0.1670/1.0.1670.3526/sharepointonline/icon.png","dataSources":["ProductionPlanning"],"dependencies":[],"dependents":[],"parameterHints":{},"parameterHintsV2":{},"isOnPremiseConnection":false,"bypassConsent":false,"dataSets":{"https://ceedees.sharepoint.com/sites/CDAPP_oee_SharepointSite":{"datasetOverride":{"name":"https://ceedees.sharepoint.com/sites/CDAPP","environmentVariableName":"oee_SharepointSite"},"dataSources":{"ProductionPlanning":{"tableName":"446140e6-08cc-42f8-9bdf-565004605b33","tableNameOverride":{"name":"446140e6-08cc-42f8-9bdf-565004605b33","environmentVariableName":"oee_ProductionPlanning"}}}}},"apiTier":"Standard","actions":["providers/PowerPlatform.Governance/Operations/Read","providers/PowerPlatform.Governance/Operations/Write","providers/PowerPlatform.Governance/Operations/Delete"]},"432b7f2b-1802-44d1-a4cb-52d744475d92":{"id":"/providers/microsoft.powerapps/apis/shared_logicflows","displayName":"Logic flows","iconUri":"https://connectoricons-prod.azureedge.net/releases/v1.0.1664/1.0.1664.3477/logicflows/icon.png","dataSources":["FetchEmployee"],"dependencies":[],"dependents":[],"parameterHints":{"workflowName":{"value":"9b3f0fdd-be7f-4f98-92a0-33d1dda10b45"},"workflowEntityId":{"value":"86e24591-b0a0-ee11-a569-6045bdac56a0"}},"parameterHintsV2":{"workflowName":{"value":"9b3f0fdd-be7f-4f98-92a0-33d1dda10b45"},"workflowEntityId":{"value":"86e24591-b0a0-ee11-a569-6045bdac56a0"}},"isOnPremiseConnection":false,"bypassConsent":false,"dataSets":{},"apiTier":"Standard","actions":["Run"]},"91b10911-acdc-4529-9a31-8968a7ebd2fa":{"id":"/providers/microsoft.powerapps/apis/shared_logicflows","displayName":"Logic flows","iconUri":"https://connectoricons-prod.azureedge.net/releases/v1.0.1664/1.0.1664.3477/logicflows/icon.png","dataSources":["GetEnviVariables"],"dependencies":[],"dependents":[],"parameterHints":{"workflowName":{"value":"784afb9f-b955-4ac5-9fd0-7b3d665336e9"},"workflowEntityId":{"value":"d937229d-3789-ee11-be37-6045bdad128a"}},"parameterHintsV2":{"workflowName":{"value":"784afb9f-b955-4ac5-9fd0-7b3d665336e9"},"workflowEntityId":{"value":"d937229d-3789-ee11-be37-6045bdad128a"}},"isOnPremiseConnection":false,"bypassConsent":false,"dataSets":{},"apiTier":"Standard","actions":["Run"]}}</ConnectionReferences>
      <DatabaseReferences>{}</DatabaseReferences>
      <AppComponents>[]</AppComponents>
      <AppComponentDependencies>[]</AppComponentDependencies>
      <CanConsumeAppPass>1</CanConsumeAppPass>
      <CanvasAppType>0</CanvasAppType>
      <BypassConsent>0</BypassConsent>
      <AdminControlBypassConsent>0</AdminControlBypassConsent>
      <EmbeddedApp xsi:nil="true"></EmbeddedApp>
      <IntroducedVersion>1.0</IntroducedVersion>
      <CdsDependencies>{"cdsdependencies":[{"dependencyid":"86e24591-b0a0-ee11-a569-6045bdac56a0","componenttype":29,"componenttypeplatformname":"Workflow"},{"dependencyid":"d937229d-3789-ee11-be37-6045bdad128a","componenttype":29,"componenttypeplatformname":"Workflow"},{"logicalname":"oee_SharepointSite","componenttype":380,"componenttypeplatformname":"EnvironmentVariableDefinition"},{"logicalname":"oee_shared_sharepointonline_f190f0b18b894136b0390bf98b633113","componenttype":380,"componenttypeplatformname":"EnvironmentVariableDefinition"},{"logicalname":"oee_shared_sharepointonline_13c65f588a714dc08ac346d890b2838f","componenttype":380,"componenttypeplatformname":"EnvironmentVariableDefinition"},{"logicalname":"oee_ComponentLoom","componenttype":380,"componenttypeplatformname":"EnvironmentVariableDefinition"},{"logicalname":"new_shared_sharepointonline_ce6642e685f2440599cfe1e8376cacf7","componenttype":380,"componenttypeplatformname":"EnvironmentVariableDefinition"},{"logicalname":"oee_AutoCuttingStitching","componenttype":380,"componenttypeplatformname":"EnvironmentVariableDefinition"},{"logicalname":"oee_AutoCuttingStitchingProduction","componenttype":380,"componenttypeplatformname":"EnvironmentVariableDefinition"},{"logicalname":"oee_AutoCuttingStitchingEmployee","componenttype":380,"componenttypeplatformname":"EnvironmentVariableDefinition"},{"logicalname":"oee_YarnComponent","componenttype":380,"componenttypeplatformname":"EnvironmentVariableDefinition"},{"logicalname":"oee_YarnForm","componenttype":380,"componenttypeplatformname":"EnvironmentVariableDefinition"},{"logicalname":"oee_ProductionPlanning","componenttype":380,"componenttypeplatformname":"EnvironmentVariableDefinition"}]}</CdsDependencies>
      <IsCustomizable>1</IsCustomizable>
      <BackgroundImageUri>/CanvasApps/oee_oeeappv1_73ec4_BackgroundImageUri</BackgroundImageUri>
      <DocumentUri>/CanvasApps/oee_oeeappv1_73ec4_DocumentUri.msapp</DocumentUri>
      <AdditionalUris>
        <AdditionalUri>/CanvasApps/oee_oeeappv1_73ec4_AdditionalUris0_identity.json</AdditionalUri>
      </AdditionalUris>
    </CanvasApp>
    <CanvasApp>
      <Name>oee_oeeappv2_9fb7b</Name>
      <AppVersion>2024-01-12T09:48:15Z</AppVersion>
      <Status>Ready</Status>
      <CreatedByClientVersion>3.23123.14.0</CreatedByClientVersion>
      <MinClientVersion>3.23123.14.0</MinClientVersion>
      <Tags>{"primaryDeviceWidth":"1366","primaryDeviceHeight":"768","supportsPortrait":"true","supportsLandscape":"true","primaryFormFactor":"Tablet","showStatusBar":"false","publisherVersion":"3.23123.14","minimumRequiredApiVersion":"2.2.0","hasComponent":"true","hasUnlockedComponent":"true","isUnifiedRootApp":"false","sienaVersion":"20240109T111021Z-3.23123.14.0","offlineLargeFilesSupport":"false"}</Tags>
      <IsCdsUpgraded>0</IsCdsUpgraded>
      <GalleryItemId xsi:nil="true"></GalleryItemId>
      <BackgroundColor>RGBA(0,176,240,1)</BackgroundColor>
      <DisplayName>OEE APP v2</DisplayName>
      <Description xsi:nil="true"></Description>
      <CommitMessage xsi:nil="true"></CommitMessage>
      <Publisher></Publisher>
      <AuthorizationReferences>[]</AuthorizationReferences>
      <ConnectionReferences>{"1eddc9ab-f79c-416b-a02a-91ba71533197":{"id":"/providers/microsoft.powerapps/apis/shared_sharepointonline","displayName":"SharePoint","iconUri":"https://connectoricons-prod.azureedge.net/releases/v1.0.1670/1.0.1670.3526/sharepointonline/icon.png","dataSources":["Employee Login","BOM Report","ValveFolding","BagPrinting","Tubing","ValveFoldingEmployee","Employee List","Production Order Dev","BagPrintingEmployee","TubingEmployee"],"dependencies":[],"dependents":[],"parameterHints":{},"parameterHintsV2":{},"isOnPremiseConnection":false,"bypassConsent":false,"dataSets":{"https://ceedees.sharepoint.com/sites/CDAPP":{"dataSources":{"Employee Login":{"tableName":"ea664bb6-f09b-456c-be9a-797f654c63fa"},"BOM Report":{"tableName":"ac336637-12b9-43f6-a524-440627b559db"}}},"https://ceedees.sharepoint.com/sites/CDAPP_oee_SharepointSite":{"datasetOverride":{"name":"https://ceedees.sharepoint.com/sites/CDAPP","environmentVariableName":"oee_SharepointSite"},"dataSources":{"ValveFolding":{"tableName":"f59b0d09-7200-42ec-b9a4-7a364ce8649f","tableNameOverride":{"name":"f59b0d09-7200-42ec-b9a4-7a364ce8649f","environmentVariableName":"oee_ValveFolding"}}}}},"apiTier":"Standard","actions":["providers/PowerPlatform.Governance/Operations/Read","providers/PowerPlatform.Governance/Operations/Write","providers/PowerPlatform.Governance/Operations/Delete"]},"663a7b47-daa9-4ff5-8bdc-59b0785c4461":{"id":"/providers/microsoft.powerapps/apis/shared_sharepointonline","displayName":"SharePoint","iconUri":"https://connectoricons-prod.azureedge.net/releases/v1.0.1670/1.0.1670.3526/sharepointonline/icon.png","dataSources":["Production Order Dev","BagPrinting","Tubing","TubingEmployee"],"dependencies":[],"dependents":[],"parameterHints":{},"parameterHintsV2":{},"isOnPremiseConnection":false,"bypassConsent":false,"dataSets":{"https://ceedees.sharepoint.com/sites/CDAPP":{"dataSources":{"Production Order Dev":{"tableName":"736af274-5c7e-4056-abd7-edf43aa830c6"}}},"https://ceedees.sharepoint.com/sites/CDAPP_oee_SharepointSite":{"datasetOverride":{"name":"https://ceedees.sharepoint.com/sites/CDAPP","environmentVariableName":"oee_SharepointSite"},"dataSources":{"BagPrinting":{"tableName":"9a20c6f8-5856-40b1-9b8f-026e6d07a3bd","tableNameOverride":{"name":"9a20c6f8-5856-40b1-9b8f-026e6d07a3bd","environmentVariableName":"oee_BagPrinting"}},"Tubing":{"tableName":"500a90ca-4ea7-41d7-95bc-08f1423bfe74","tableNameOverride":{"name":"500a90ca-4ea7-41d7-95bc-08f1423bfe74","environmentVariableName":"oee_Tubing"}},"TubingEmployee":{"tableName":"8ad88d73-3100-4a08-9bea-eb7180a5eb28","tableNameOverride":{"name":"8ad88d73-3100-4a08-9bea-eb7180a5eb28","environmentVariableName":"oee_shared_sharepointonline_24a1299ee862447eb36f99dbacd6dae3"}}}}},"apiTier":"Standard","actions":["providers/PowerPlatform.Governance/Operations/Read","providers/PowerPlatform.Governance/Operations/Write","providers/PowerPlatform.Governance/Operations/Delete"]},"63013486-bebe-448b-abdd-30aecd3b1eb6":{"id":"/providers/microsoft.powerapps/apis/shared_sharepointonline","displayName":"SharePoint","iconUri":"https://connectoricons-prod.azureedge.net/releases/v1.0.1670/1.0.1670.3526/sharepointonline/icon.png","dataSources":["BagPrintingEmployee"],"dependencies":[],"dependents":[],"parameterHints":{},"parameterHintsV2":{},"isOnPremiseConnection":false,"bypassConsent":false,"dataSets":{"https://ceedees.sharepoint.com/sites/CDAPP_oee_SharepointSite":{"datasetOverride":{"name":"https://ceedees.sharepoint.com/sites/CDAPP","environmentVariableName":"oee_SharepointSite"},"dataSources":{"BagPrintingEmployee":{"tableName":"e51a0c09-ae8f-49b2-a26a-72ce899647b9","tableNameOverride":{"name":"e51a0c09-ae8f-49b2-a26a-72ce899647b9","environmentVariableName":"oee_shared_sharepointonline_b9e14fb14aa8495f8b027a1fa9e35ea7"}}}}},"apiTier":"Standard","actions":["providers/PowerPlatform.Governance/Operations/Read","providers/PowerPlatform.Governance/Operations/Write","providers/PowerPlatform.Governance/Operations/Delete"]},"e411d54c-9404-48e8-9899-525ac1a2611f":{"id":"/providers/microsoft.powerapps/apis/shared_sharepointonline","displayName":"SharePoint","iconUri":"https://connectoricons-prod.azureedge.net/releases/v1.0.1670/1.0.1670.3526/sharepointonline/icon.png","dataSources":["ValveFoldingEmployee"],"dependencies":[],"dependents":[],"parameterHints":{},"parameterHintsV2":{},"isOnPremiseConnection":false,"bypassConsent":false,"dataSets":{"https://ceedees.sharepoint.com/sites/CDAPP_oee_SharepointSite":{"datasetOverride":{"name":"https://ceedees.sharepoint.com/sites/CDAPP","environmentVariableName":"oee_SharepointSite"},"dataSources":{"ValveFoldingEmployee":{"tableName":"83e61816-2a71-4b72-b02c-44d7d8c6c673","tableNameOverride":{"name":"83e61816-2a71-4b72-b02c-44d7d8c6c673","environmentVariableName":"oee_ValveFoldingEmployee"}}}}},"apiTier":"Standard","actions":["providers/PowerPlatform.Governance/Operations/Read","providers/PowerPlatform.Governance/Operations/Write","providers/PowerPlatform.Governance/Operations/Delete"]},"db51ca70-47ba-46a5-b6f7-9dcc5439079f":{"id":"/providers/microsoft.powerapps/apis/shared_logicflows","displayName":"Logic flows","iconUri":"https://connectoricons-prod.azureedge.net/releases/v1.0.1664/1.0.1664.3477/logicflows/icon.png","dataSources":["FetchEmployee"],"dependencies":[],"dependents":[],"parameterHints":{"workflowName":{"value":"9aec305c-8d41-4a03-8837-d5156eebde71"},"workflowEntityId":{"value":"86e24591-b0a0-ee11-a569-6045bdac56a0"}},"parameterHintsV2":{"workflowName":{"value":"9aec305c-8d41-4a03-8837-d5156eebde71"},"workflowEntityId":{"value":"86e24591-b0a0-ee11-a569-6045bdac56a0"}},"isOnPremiseConnection":false,"bypassConsent":false,"dataSets":{},"apiTier":"Standard","actions":["Run"]},"3c82e050-3c51-4408-8bfb-2fa6fabfd72c":{"id":"/providers/microsoft.powerapps/apis/shared_logicflows","displayName":"Logic flows","iconUri":"https://connectoricons-prod.azureedge.net/releases/v1.0.1664/1.0.1664.3477/logicflows/icon.png","dataSources":["GetEnviVariables"],"dependencies":[],"dependents":[],"parameterHints":{"workflowName":{"value":"6f9de7b2-0421-40a4-90be-4aa9754473db"},"workflowEntityId":{"value":"d937229d-3789-ee11-be37-6045bdad128a"}},"parameterHintsV2":{"workflowName":{"value":"6f9de7b2-0421-40a4-90be-4aa9754473db"},"workflowEntityId":{"value":"d937229d-3789-ee11-be37-6045bdad128a"}},"isOnPremiseConnection":false,"bypassConsent":false,"dataSets":{},"apiTier":"Standard","actions":["Run"]}}</ConnectionReferences>
      <DatabaseReferences>{}</DatabaseReferences>
      <AppComponents>[]</AppComponents>
      <AppComponentDependencies>[]</AppComponentDependencies>
      <CanConsumeAppPass>1</CanConsumeAppPass>
      <CanvasAppType>0</CanvasAppType>
      <BypassConsent>0</BypassConsent>
      <AdminControlBypassConsent>0</AdminControlBypassConsent>
      <EmbeddedApp xsi:nil="true"></EmbeddedApp>
      <IntroducedVersion>1.0</IntroducedVersion>
      <CdsDependencies>{"cdsdependencies":[{"dependencyid":"86e24591-b0a0-ee11-a569-6045bdac56a0","componenttype":29,"componenttypeplatformname":"Workflow"},{"dependencyid":"d937229d-3789-ee11-be37-6045bdad128a","componenttype":29,"componenttypeplatformname":"Workflow"},{"logicalname":"oee_SharepointSite","componenttype":380,"componenttypeplatformname":"EnvironmentVariableDefinition"},{"logicalname":"oee_ValveFolding","componenttype":380,"componenttypeplatformname":"EnvironmentVariableDefinition"},{"logicalname":"oee_BagPrinting","componenttype":380,"componenttypeplatformname":"EnvironmentVariableDefinition"},{"logicalname":"oee_Tubing","componenttype":380,"componenttypeplatformname":"EnvironmentVariableDefinition"},{"logicalname":"oee_shared_sharepointonline_24a1299ee862447eb36f99dbacd6dae3","componenttype":380,"componenttypeplatformname":"EnvironmentVariableDefinition"},{"logicalname":"oee_shared_sharepointonline_b9e14fb14aa8495f8b027a1fa9e35ea7","componenttype":380,"componenttypeplatformname":"EnvironmentVariableDefinition"},{"logicalname":"oee_ValveFoldingEmployee","componenttype":380,"componenttypeplatformname":"EnvironmentVariableDefinition"}]}</CdsDependencies>
      <IsCustomizable>1</IsCustomizable>
      <BackgroundImageUri>/CanvasApps/oee_oeeappv2_9fb7b_BackgroundImageUri</BackgroundImageUri>
      <DocumentUri>/CanvasApps/oee_oeeappv2_9fb7b_DocumentUri.msapp</DocumentUri>
      <AdditionalUris>
        <AdditionalUri>/CanvasApps/oee_oeeappv2_9fb7b_AdditionalUris0_identity.json</AdditionalUri>
      </AdditionalUris>
    </CanvasApp>
    <CanvasApp>
      <Name>oee_oeeappv3_c2f9b</Name>
      <AppVersion>2024-01-12T14:10:26Z</AppVersion>
      <Status>NotReady</Status>
      <CreatedByClientVersion>3.23123.14.0</CreatedByClientVersion>
      <MinClientVersion>3.23123.14.0</MinClientVersion>
      <Tags>{"primaryDeviceWidth":"1366","primaryDeviceHeight":"768","supportsPortrait":"true","supportsLandscape":"true","primaryFormFactor":"Tablet","showStatusBar":"false","publisherVersion":"3.23123.14","minimumRequiredApiVersion":"2.2.0","hasComponent":"true","hasUnlockedComponent":"true","isUnifiedRootApp":"false","offlineLargeFilesSupport":"false","sienaVersion":"20240109T122431Z-3.23123.14.0"}</Tags>
      <IsCdsUpgraded>0</IsCdsUpgraded>
      <GalleryItemId xsi:nil="true"></GalleryItemId>
      <BackgroundColor>RGBA(0,176,240,1)</BackgroundColor>
      <DisplayName>OEE APP v3</DisplayName>
      <Description xsi:nil="true"></Description>
      <CommitMessage xsi:nil="true"></CommitMessage>
      <Publisher></Publisher>
      <AuthorizationReferences>[]</AuthorizationReferences>
      <ConnectionReferences>{"a4ba713b-a81e-409b-9b14-65dadfbe3e79":{"id":"/providers/microsoft.powerapps/apis/shared_sharepointonline","displayName":"SharePoint","iconUri":"https://connectoricons-prod.azureedge.net/releases/v1.0.1670/1.0.1670.3526/sharepointonline/icon.png","dataSources":["Employee Login","Production Order Dev","BOM Report","BailingEmployee","Employee List","RewindingEmployee"],"dependencies":[],"dependents":[],"parameterHints":{},"parameterHintsV2":{},"isOnPremiseConnection":false,"bypassConsent":false,"dataSets":{"https://ceedees.sharepoint.com/sites/CDAPP":{"dataSources":{"Employee Login":{"tableName":"ea664bb6-f09b-456c-be9a-797f654c63fa"},"Production Order Dev":{"tableName":"736af274-5c7e-4056-abd7-edf43aa830c6"},"BOM Report":{"tableName":"ac336637-12b9-43f6-a524-440627b559db"},"Employee List":{"tableName":"8cb9d55c-5fe2-4a44-bc1d-57c4184ba967"}}},"https://ceedees.sharepoint.com/sites/cd-app-qa_oee_SharepointSite":{"datasetOverride":{"name":"https://ceedees.sharepoint.com/sites/CDAPP","environmentVariableName":"oee_SharepointSite"},"dataSources":{"BailingEmployee":{"tableName":"88d8cf30-0d81-43db-ba7c-9a6a4ad29c9e","tableNameOverride":{"name":"742f9539-fa5c-4404-b222-e2493aa5ae55","environmentVariableName":"oee_BailingEmployee"}},"RewindingEmployee":{"tableName":"30bdcb3c-b384-459c-a2ef-bc45a888f337","tableNameOverride":{"name":"40da3391-39ae-4d4d-8520-445dbd5552da","environmentVariableName":"oee_RewindingEmployee"}}}}},"apiTier":"Standard","actions":["providers/PowerPlatform.Governance/Operations/Read","providers/PowerPlatform.Governance/Operations/Write","providers/PowerPlatform.Governance/Operations/Delete"]},"f48d7d53-0d97-453b-8ac5-68f91b891d16":{"id":"/providers/microsoft.powerapps/apis/shared_logicflows","displayName":"Logic flows","iconUri":"https://connectoricons-prod.azureedge.net/releases/v1.0.1664/1.0.1664.3477/logicflows/icon.png","dataSources":["FetchEmployee"],"dependencies":[],"dependents":[],"parameterHints":{"workflowName":{"value":"aeeb0e8b-dc4b-4e53-bb52-e9cf75e857c0"},"workflowEntityId":{"value":"86e24591-b0a0-ee11-a569-6045bdac56a0"}},"parameterHintsV2":{"workflowName":{"value":"aeeb0e8b-dc4b-4e53-bb52-e9cf75e857c0"},"workflowEntityId":{"value":"86e24591-b0a0-ee11-a569-6045bdac56a0"}},"isOnPremiseConnection":false,"bypassConsent":false,"dataSets":{},"apiTier":"Standard","actions":["Run"]},"58affa67-7fe8-4faa-887a-f295835bbb97":{"id":"/providers/microsoft.powerapps/apis/shared_logicflows","displayName":"Logic flows","iconUri":"https://connectoricons-prod.azureedge.net/releases/v1.0.1664/1.0.1664.3477/logicflows/icon.png","dataSources":["GetEnviVariables"],"dependencies":[],"dependents":[],"parameterHints":{"workflowName":{"value":"a105ea06-40d2-48c9-82e0-bb3c469d55bf"},"workflowEntityId":{"value":"d937229d-3789-ee11-be37-6045bdad128a"}},"parameterHintsV2":{"workflowName":{"value":"a105ea06-40d2-48c9-82e0-bb3c469d55bf"},"workflowEntityId":{"value":"d937229d-3789-ee11-be37-6045bdad128a"}},"isOnPremiseConnection":false,"bypassConsent":false,"dataSets":{},"apiTier":"Standard","actions":["Run"]},"a59afa85-5e33-485c-afde-4bebf61584a8":{"id":"/providers/microsoft.powerapps/apis/shared_sharepointonline","displayName":"SharePoint","iconUri":"https://connectoricons-prod.azureedge.net/releases/v1.0.1670/1.0.1670.3526/sharepointonline/icon.png","dataSources":["Bailing","Rewinding","BigBagStitching"],"dependencies":[],"dependents":[],"parameterHints":{},"parameterHintsV2":{},"isOnPremiseConnection":false,"bypassConsent":false,"dataSets":{"https://ceedees.sharepoint.com/sites/CDAPP_oee_SharepointSite":{"datasetOverride":{"environmentVariableName":"oee_SharepointSite"},"dataSources":{"Bailing":{"tableName":"f55cab69-3e89-48fd-9cf3-beaaf30cbd91","tableNameOverride":{"name":"f55cab69-3e89-48fd-9cf3-beaaf30cbd91","environmentVariableName":"oee_Bailing"}},"Rewinding":{"tableName":"783898a7-6751-4a25-9e0e-26bd63cefcf0","tableNameOverride":{"name":"783898a7-6751-4a25-9e0e-26bd63cefcf0","environmentVariableName":"oee_Rewinding"}},"BigBagStitching":{"tableName":"63e7fd8b-5b0f-4d59-bded-fc80d92da558","tableNameOverride":{"name":"63e7fd8b-5b0f-4d59-bded-fc80d92da558","environmentVariableName":"oee_BigBagStitching"}}}}},"apiTier":"Standard","actions":["providers/PowerPlatform.Governance/Operations/Read","providers/PowerPlatform.Governance/Operations/Write"]},"124738ca-06c3-46c3-b3e4-8aa4448a7c7b":{"id":"/providers/microsoft.powerapps/apis/shared_sharepointonline","displayName":"SharePoint","iconUri":"https://connectoricons-prod.azureedge.net/releases/v1.0.1670/1.0.1670.3526/sharepointonline/icon.png","dataSources":["BigBagStitchingEmployee"],"dependencies":[],"dependents":[],"parameterHints":{},"parameterHintsV2":{},"isOnPremiseConnection":false,"bypassConsent":false,"dataSets":{"https://ceedees.sharepoint.com/sites/CDAPP_oee_SharepointSite":{"datasetOverride":{"environmentVariableName":"oee_SharepointSite"},"dataSources":{"BigBagStitchingEmployee":{"tableName":"d39d9afc-749a-40b7-95f3-a9763f35ed43","tableNameOverride":{"environmentVariableName":"oee_BigBagStitchingEmployee"}}}}},"apiTier":"Standard","actions":["providers/PowerPlatform.Governance/Operations/Read","providers/PowerPlatform.Governance/Operations/Write","providers/PowerPlatform.Governance/Operations/Delete"]}}</ConnectionReferences>
      <DatabaseReferences>{}</DatabaseReferences>
      <AppComponents>[]</AppComponents>
      <AppComponentDependencies>[]</AppComponentDependencies>
      <CanConsumeAppPass>1</CanConsumeAppPass>
      <CanvasAppType>0</CanvasAppType>
      <BypassConsent>0</BypassConsent>
      <AdminControlBypassConsent>0</AdminControlBypassConsent>
      <EmbeddedApp xsi:nil="true"></EmbeddedApp>
      <IntroducedVersion>1.0</IntroducedVersion>
      <CdsDependencies>{"cdsdependencies":[{"dependencyid":"86e24591-b0a0-ee11-a569-6045bdac56a0","componenttype":29,"componenttypeplatformname":"Workflow"},{"dependencyid":"d937229d-3789-ee11-be37-6045bdad128a","componenttype":29,"componenttypeplatformname":"Workflow"},{"logicalname":"oee_SharepointSite","componenttype":380,"componenttypeplatformname":"EnvironmentVariableDefinition"},{"logicalname":"oee_BailingEmployee","componenttype":380,"componenttypeplatformname":"EnvironmentVariableDefinition"},{"logicalname":"oee_RewindingEmployee","componenttype":380,"componenttypeplatformname":"EnvironmentVariableDefinition"},{"logicalname":"oee_Bailing","componenttype":380,"componenttypeplatformname":"EnvironmentVariableDefinition"},{"logicalname":"oee_Rewinding","componenttype":380,"componenttypeplatformname":"EnvironmentVariableDefinition"},{"logicalname":"oee_BigBagStitching","componenttype":380,"componenttypeplatformname":"EnvironmentVariableDefinition"},{"logicalname":"oee_BigBagStitchingEmployee","componenttype":380,"componenttypeplatformname":"EnvironmentVariableDefinition"}]}</CdsDependencies>
      <IsCustomizable>1</IsCustomizable>
      <BackgroundImageUri>/CanvasApps/oee_oeeappv3_c2f9b_BackgroundImageUri</BackgroundImageUri>
      <DocumentUri>/CanvasApps/oee_oeeappv3_c2f9b_DocumentUri.msapp</DocumentUri>
      <AdditionalUris>
        <AdditionalUri>/CanvasApps/oee_oeeappv3_c2f9b_AdditionalUris0_identity.json</AdditionalUri>
      </AdditionalUris>
    </CanvasApp>
    <CanvasApp>
      <Name>oee_oeeappv2plus_59c47</Name>
      <AppVersion>2024-01-11T13:22:09Z</AppVersion>
      <Status>Ready</Status>
      <CreatedByClientVersion>3.23123.14.0</CreatedByClientVersion>
      <MinClientVersion>3.23123.14.0</MinClientVersion>
      <Tags>{"primaryDeviceWidth":"1366","primaryDeviceHeight":"768","supportsPortrait":"true","supportsLandscape":"true","primaryFormFactor":"Tablet","showStatusBar":"false","publisherVersion":"3.23123.14","minimumRequiredApiVersion":"2.2.0","hasComponent":"true","hasUnlockedComponent":"true","isUnifiedRootApp":"false","sienaVersion":"20240110T092332Z-3.23123.14.0","offlineLargeFilesSupport":"false"}</Tags>
      <IsCdsUpgraded>0</IsCdsUpgraded>
      <GalleryItemId xsi:nil="true"></GalleryItemId>
      <BackgroundColor>RGBA(0,176,240,1)</BackgroundColor>
      <DisplayName>Oee App V2 plus</DisplayName>
      <Description xsi:nil="true"></Description>
      <CommitMessage xsi:nil="true"></CommitMessage>
      <Publisher xsi:nil="true"></Publisher>
      <AuthorizationReferences>[]</AuthorizationReferences>
      <ConnectionReferences>{"51bfd0e1-3d07-4d05-a278-accc7351607b":{"id":"/providers/microsoft.powerapps/apis/shared_sharepointonline","displayName":"SharePoint","iconUri":"https://connectoricons-prod.azureedge.net/releases/v1.0.1670/1.0.1670.3526/sharepointonline/icon.png","dataSources":["Liner Insertion","Liner Insertion Employee","BOM Report","Production Order Dev","BigBagCutting","Stitching","Employee Login","BigBagCuttingEmployee","StitchingEmployee"],"dependencies":[],"dependents":[],"parameterHints":{},"parameterHintsV2":{},"isOnPremiseConnection":false,"bypassConsent":false,"dataSets":{"https://ceedees.sharepoint.com/sites/CDAPP":{"dataSources":{"Liner Insertion":{"tableName":"7b54d7cf-9598-4ce1-807a-2a35077d344a"},"Liner Insertion Employee":{"tableName":"3cb6dcdc-b24f-4387-aba9-1a7745a844c8"},"BOM Report":{"tableName":"ac336637-12b9-43f6-a524-440627b559db"},"Production Order Dev":{"tableName":"736af274-5c7e-4056-abd7-edf43aa830c6"},"BigBagCutting":{"tableName":"73473e9d-ae38-4377-95a6-26d4f3080a95"},"StitchingEmployee":{"tableName":"f3aa63a6-7988-4f38-b44a-8813dd03c12d"}}}},"apiTier":"Standard","actions":["providers/PowerPlatform.Governance/Operations/Read","providers/PowerPlatform.Governance/Operations/Write","providers/PowerPlatform.Governance/Operations/Delete"]},"6367c817-134e-4402-a56b-c5f287e134b7":{"id":"/providers/microsoft.powerapps/apis/shared_sharepointonline","displayName":"SharePoint","iconUri":"https://connectoricons-prod.azureedge.net/releases/v1.0.1670/1.0.1670.3526/sharepointonline/icon.png","dataSources":["Employee Login"],"dependencies":[],"dependents":[],"parameterHints":{},"parameterHintsV2":{},"isOnPremiseConnection":false,"bypassConsent":false,"dataSets":{"https://ceedees.sharepoint.com/sites/CDAPP":{"dataSources":{"Employee Login":{"tableName":"ea664bb6-f09b-456c-be9a-797f654c63fa"}}}},"apiTier":"Standard","actions":["providers/PowerPlatform.Governance/Operations/Read"]},"1bcb7158-3436-4917-aaa5-385a0eecc0a5":{"id":"/providers/microsoft.powerapps/apis/shared_sharepointonline","displayName":"SharePoint","iconUri":"https://connectoricons-prod.azureedge.net/releases/v1.0.1670/1.0.1670.3526/sharepointonline/icon.png","dataSources":["BigBagCuttingEmployee","BigBagCuttingEmployee_1"],"dependencies":[],"dependents":[],"parameterHints":{},"parameterHintsV2":{},"isOnPremiseConnection":false,"bypassConsent":false,"dataSets":{"https://ceedees.sharepoint.com/sites/CDAPP":{"dataSources":{"BigBagCuttingEmployee":{"tableName":"98446f97-cca1-4b9e-8ce6-d0f19d9f75bd"},"BigBagCuttingEmployee_1":{"tableName":"98446f97-cca1-4b9e-8ce6-d0f19d9f75bd"}}}},"apiTier":"Standard","actions":["providers/PowerPlatform.Governance/Operations/Read","providers/PowerPlatform.Governance/Operations/Write","providers/PowerPlatform.Governance/Operations/Delete"]},"767e0a21-266f-4971-bd2f-4e550ef66d0e":{"id":"/providers/microsoft.powerapps/apis/shared_sharepointonline","displayName":"SharePoint","iconUri":"https://connectoricons-prod.azureedge.net/releases/v1.0.1670/1.0.1670.3526/sharepointonline/icon.png","dataSources":["Stitching"],"dependencies":[],"dependents":[],"parameterHints":{},"parameterHintsV2":{},"isOnPremiseConnection":false,"bypassConsent":false,"dataSets":{"https://ceedees.sharepoint.com/sites/CDAPP":{"dataSources":{"Stitching":{"tableName":"70d2caf0-38b4-4422-afa8-c352dddfa864"}}}},"apiTier":"Standard","actions":["providers/PowerPlatform.Governance/Operations/Read","providers/PowerPlatform.Governance/Operations/Write"]},"5f9bb727-fdee-49fb-b3a2-28b1d06c24fa":{"id":"/providers/microsoft.powerapps/apis/shared_logicflows","displayName":"Logic flows","iconUri":"https://connectoricons-prod.azureedge.net/releases/v1.0.1664/1.0.1664.3477/logicflows/icon.png","dataSources":["FetchEmployee"],"dependencies":[],"dependents":[],"parameterHints":{"workflowName":{"value":"b5e2b1c8-a49a-4d9a-b4ec-9daa3fc35b3b"},"workflowEntityId":{"value":"86e24591-b0a0-ee11-a569-6045bdac56a0"}},"parameterHintsV2":{"workflowName":{"value":"b5e2b1c8-a49a-4d9a-b4ec-9daa3fc35b3b"},"workflowEntityId":{"value":"86e24591-b0a0-ee11-a569-6045bdac56a0"}},"isOnPremiseConnection":false,"bypassConsent":false,"dataSets":{},"apiTier":"Standard","actions":["Run"]},"ed7b31a6-d477-4d63-a207-a2fde8354549":{"id":"/providers/microsoft.powerapps/apis/shared_logicflows","displayName":"Logic flows","iconUri":"https://connectoricons-prod.azureedge.net/releases/v1.0.1664/1.0.1664.3477/logicflows/icon.png","dataSources":["GetEnviVariables"],"dependencies":[],"dependents":[],"parameterHints":{"workflowName":{"value":"0e8a7c7a-9982-49cf-b97b-52329a2b722a"},"workflowEntityId":{"value":"d937229d-3789-ee11-be37-6045bdad128a"}},"parameterHintsV2":{"workflowName":{"value":"0e8a7c7a-9982-49cf-b97b-52329a2b722a"},"workflowEntityId":{"value":"d937229d-3789-ee11-be37-6045bdad128a"}},"isOnPremiseConnection":false,"bypassConsent":false,"dataSets":{},"apiTier":"Standard","actions":["Run"]}}</ConnectionReferences>
      <DatabaseReferences>{}</DatabaseReferences>
      <AppComponents>[]</AppComponents>
      <AppComponentDependencies>[]</AppComponentDependencies>
      <CanConsumeAppPass>1</CanConsumeAppPass>
      <CanvasAppType>0</CanvasAppType>
      <BypassConsent>0</BypassConsent>
      <AdminControlBypassConsent>0</AdminControlBypassConsent>
      <EmbeddedApp xsi:nil="true"></EmbeddedApp>
      <IntroducedVersion>1.0</IntroducedVersion>
      <CdsDependencies>{"cdsdependencies":[{"dependencyid":"86e24591-b0a0-ee11-a569-6045bdac56a0","componenttype":29,"componenttypeplatformname":"Workflow"},{"dependencyid":"d937229d-3789-ee11-be37-6045bdad128a","componenttype":29,"componenttypeplatformname":"Workflow"}]}</CdsDependencies>
      <IsCustomizable>1</IsCustomizable>
      <BackgroundImageUri>/CanvasApps/oee_oeeappv2plus_59c47_BackgroundImageUri</BackgroundImageUri>
      <DocumentUri>/CanvasApps/oee_oeeappv2plus_59c47_DocumentUri.msapp</DocumentUri>
      <AdditionalUris>
        <AdditionalUri>/CanvasApps/oee_oeeappv2plus_59c47_AdditionalUris0_identity.json</AdditionalUri>
      </AdditionalUris>
    </CanvasApp>
    <CanvasApp>
      <Name>oee_rpactivitytracker_22ae1</Name>
      <AppVersion>2024-01-12T06:01:29Z</AppVersion>
      <Status>Ready</Status>
      <CreatedByClientVersion>3.23123.15.0</CreatedByClientVersion>
      <MinClientVersion>3.23123.15.0</MinClientVersion>
      <Tags>{"primaryDeviceWidth":"1366","primaryDeviceHeight":"768","supportsPortrait":"true","supportsLandscape":"true","primaryFormFactor":"Tablet","showStatusBar":"false","publisherVersion":"3.23123.15","minimumRequiredApiVersion":"2.2.0","hasComponent":"true","hasUnlockedComponent":"true","isUnifiedRootApp":"false","sienaVersion":"20240109T122639Z-3.23123.14.0","offlineLargeFilesSupport":"false"}</Tags>
      <IsCdsUpgraded>0</IsCdsUpgraded>
      <GalleryItemId xsi:nil="true"></GalleryItemId>
      <BackgroundColor>RGBA(0,176,240,1)</BackgroundColor>
      <DisplayName>RP Activity Tracker</DisplayName>
      <Description xsi:nil="true"></Description>
      <CommitMessage xsi:nil="true"></CommitMessage>
      <Publisher></Publisher>
      <AuthorizationReferences>[]</AuthorizationReferences>
      <ConnectionReferences>{"0de120f8-8d8c-4def-b14c-3b9e7e909c9f":{"id":"/providers/microsoft.powerapps/apis/shared_sharepointonline","displayName":"SharePoint","iconUri":"https://connectoricons-prod.azureedge.net/releases/v1.0.1670/1.0.1670.3526/sharepointonline/icon.png","dataSources":["Employee Login","ComponentRolePrinting","RollPrintingProductionIn","Cutting","AutoCutting","RolePrinting","BOM Report","Employee List","RollPrintingProductionOut","RollPrintingEmployee","CuttingEmployee","Production Order Dev"],"dependencies":[],"dependents":[],"parameterHints":{},"parameterHintsV2":{},"isOnPremiseConnection":false,"bypassConsent":false,"dataSets":{"https://ceedees.sharepoint.com/sites/CDAPP":{"dataSources":{"Employee Login":{"tableName":"ea664bb6-f09b-456c-be9a-797f654c63fa"}}},"https://ceedees.sharepoint.com/sites/CDAPP_oee_SharepointSite":{"datasetOverride":{"name":"https://ceedees.sharepoint.com/sites/CDAPP","environmentVariableName":"oee_SharepointSite"},"dataSources":{"ComponentRolePrinting":{"tableName":"d758c177-ac14-4cdc-b599-1b6b88b774ee","tableNameOverride":{"name":"d758c177-ac14-4cdc-b599-1b6b88b774ee","environmentVariableName":"new_shared_sharepointonline_e0ba4626fce248a1b1cd679b9bb6b355"}},"RollPrintingProductionIn":{"tableName":"9afd4741-07cd-437b-b332-892d928c6e17","tableNameOverride":{"name":"9afd4741-07cd-437b-b332-892d928c6e17","environmentVariableName":"oee_shared_sharepointonline_f18ebd6501874b0d8a0308e0e251222c"}}}}},"apiTier":"Standard","actions":["providers/PowerPlatform.Governance/Operations/Read","providers/PowerPlatform.Governance/Operations/Write","providers/PowerPlatform.Governance/Operations/Delete"]},"3daffc1e-0055-4007-9948-eda93a1615c0":{"id":"/providers/microsoft.powerapps/apis/shared_sharepointonline","displayName":"SharePoint","iconUri":"https://connectoricons-prod.azureedge.net/releases/v1.0.1670/1.0.1670.3526/sharepointonline/icon.png","dataSources":["RolePrinting","BOM Report","RollPrintingProductionOut"],"dependencies":[],"dependents":[],"parameterHints":{},"parameterHintsV2":{},"isOnPremiseConnection":false,"bypassConsent":false,"dataSets":{"https://ceedees.sharepoint.com/sites/CDAPP_oee_SharepointSite":{"datasetOverride":{"name":"https://ceedees.sharepoint.com/sites/CDAPP","environmentVariableName":"oee_SharepointSite"},"dataSources":{"RolePrinting":{"tableName":"f0299aad-838f-45cc-875d-54dc9bf950ce","tableNameOverride":{"name":"f0299aad-838f-45cc-875d-54dc9bf950ce","environmentVariableName":"oee_shared_sharepointonline_570c1e4a8f0845b793e57c7712d2f37d"}},"RollPrintingProductionOut":{"tableName":"3a682f9f-f3cb-42e9-9324-5ea0022ddd98","tableNameOverride":{"name":"3a682f9f-f3cb-42e9-9324-5ea0022ddd98","environmentVariableName":"oee_shared_sharepointonline_c8a42a8963a841abae58323ac07ec48d"}}}},"https://ceedees.sharepoint.com/sites/CDAPP":{"dataSources":{"BOM Report":{"tableName":"ac336637-12b9-43f6-a524-440627b559db"}}}},"apiTier":"Standard","actions":["providers/PowerPlatform.Governance/Operations/Read","providers/PowerPlatform.Governance/Operations/Write","providers/PowerPlatform.Governance/Operations/Delete"]},"14227f5d-8a7e-4445-ad6d-71d9a213cb14":{"id":"/providers/microsoft.powerapps/apis/shared_sharepointonline","displayName":"SharePoint","iconUri":"https://connectoricons-prod.azureedge.net/releases/v1.0.1670/1.0.1670.3526/sharepointonline/icon.png","dataSources":["Production Order Dev"],"dependencies":[],"dependents":[],"parameterHints":{},"parameterHintsV2":{},"isOnPremiseConnection":false,"bypassConsent":false,"dataSets":{"https://ceedees.sharepoint.com/sites/CDAPP":{"dataSources":{"Production Order Dev":{"tableName":"736af274-5c7e-4056-abd7-edf43aa830c6"}}}},"apiTier":"Standard","actions":["providers/PowerPlatform.Governance/Operations/Read"]},"ae263bcc-f2fc-48e8-bb2e-6c79b910051b":{"id":"/providers/microsoft.powerapps/apis/shared_sharepointonline","displayName":"SharePoint","iconUri":"https://connectoricons-prod.azureedge.net/releases/v1.0.1670/1.0.1670.3526/sharepointonline/icon.png","dataSources":["AutoCutting"],"dependencies":[],"dependents":[],"parameterHints":{},"parameterHintsV2":{},"isOnPremiseConnection":false,"bypassConsent":false,"dataSets":{"https://ceedees.sharepoint.com/sites/CDAPP_oee_SharepointSite":{"datasetOverride":{"name":"https://ceedees.sharepoint.com/sites/CDAPP","environmentVariableName":"oee_SharepointSite"},"dataSources":{"AutoCutting":{"tableName":"48e4128b-52e6-418e-b5c8-60fa7904ac24","tableNameOverride":{"name":"48e4128b-52e6-418e-b5c8-60fa7904ac24","environmentVariableName":"oee_AutoCutting"}}}}},"apiTier":"Standard","actions":["providers/PowerPlatform.Governance/Operations/Read","providers/PowerPlatform.Governance/Operations/Write"]},"c3bf994d-7f00-4404-b7ca-4bf244ea395b":{"id":"/providers/microsoft.powerapps/apis/shared_sharepointonline","displayName":"SharePoint","iconUri":"https://connectoricons-prod.azureedge.net/releases/v1.0.1670/1.0.1670.3526/sharepointonline/icon.png","dataSources":["RollPrintingEmployee","Employee List"],"dependencies":[],"dependents":[],"parameterHints":{},"parameterHintsV2":{},"isOnPremiseConnection":false,"bypassConsent":false,"dataSets":{"https://ceedees.sharepoint.com/sites/CDAPP_oee_SharepointSite":{"datasetOverride":{"name":"https://ceedees.sharepoint.com/sites/CDAPP","environmentVariableName":"oee_SharepointSite"},"dataSources":{"RollPrintingEmployee":{"tableName":"d9cd9913-5294-4867-9c38-243554a8f63f","tableNameOverride":{"name":"d9cd9913-5294-4867-9c38-243554a8f63f","environmentVariableName":"oee_shared_sharepointonline_73f92ba45b9d4b7aa2dc399aa188cf1b"}}}},"https://ceedees.sharepoint.com/sites/CDAPP":{"dataSources":{"Employee List":{"tableName":"8cb9d55c-5fe2-4a44-bc1d-57c4184ba967"}}}},"apiTier":"Standard","actions":["providers/PowerPlatform.Governance/Operations/Read","providers/PowerPlatform.Governance/Operations/Write","providers/PowerPlatform.Governance/Operations/Delete"]},"540452b8-4d06-488e-8deb-0f84a99464e8":{"id":"/providers/microsoft.powerapps/apis/shared_sharepointonline","displayName":"SharePoint","iconUri":"https://connectoricons-prod.azureedge.net/releases/v1.0.1670/1.0.1670.3526/sharepointonline/icon.png","dataSources":["CuttingEmployee"],"dependencies":[],"dependents":[],"parameterHints":{},"parameterHintsV2":{},"isOnPremiseConnection":false,"bypassConsent":false,"dataSets":{"https://ceedees.sharepoint.com/sites/CDAPP_oee_SharepointSite":{"datasetOverride":{"name":"https://ceedees.sharepoint.com/sites/CDAPP","environmentVariableName":"oee_SharepointSite"},"dataSources":{"CuttingEmployee":{"tableName":"39f26108-afc8-42c6-95f0-470ec9928541","tableNameOverride":{"name":"39f26108-afc8-42c6-95f0-470ec9928541","environmentVariableName":"oee_shared_sharepointonline_8d0cad1d2d5941338c7607a471c0155a"}}}}},"apiTier":"Standard","actions":["providers/PowerPlatform.Governance/Operations/Read","providers/PowerPlatform.Governance/Operations/Write","providers/PowerPlatform.Governance/Operations/Delete"]},"bd4cfbbd-42b9-4fd5-b212-6d736480ff50":{"id":"/providers/microsoft.powerapps/apis/shared_logicflows","displayName":"Logic flows","iconUri":"https://connectoricons-prod.azureedge.net/releases/v1.0.1664/1.0.1664.3477/logicflows/icon.png","dataSources":["FetchEmployee"],"dependencies":[],"dependents":[],"parameterHints":{"workflowName":{"value":"5250d666-5582-4fe7-8081-003793742d05"},"workflowEntityId":{"value":"86e24591-b0a0-ee11-a569-6045bdac56a0"}},"parameterHintsV2":{"workflowName":{"value":"5250d666-5582-4fe7-8081-003793742d05"},"workflowEntityId":{"value":"86e24591-b0a0-ee11-a569-6045bdac56a0"}},"isOnPremiseConnection":false,"bypassConsent":false,"dataSets":{},"apiTier":"Standard","actions":["Run"]},"a73e1e06-a4a4-463e-8db0-47fcb4645357":{"id":"/providers/microsoft.powerapps/apis/shared_logicflows","displayName":"Logic flows","iconUri":"https://connectoricons-prod.azureedge.net/releases/v1.0.1664/1.0.1664.3477/logicflows/icon.png","dataSources":["GetEnviVariables"],"dependencies":[],"dependents":[],"parameterHints":{"workflowName":{"value":"852d2d8d-2b58-4b81-bed9-597ad5dba636"},"workflowEntityId":{"value":"d937229d-3789-ee11-be37-6045bdad128a"}},"parameterHintsV2":{"workflowName":{"value":"852d2d8d-2b58-4b81-bed9-597ad5dba636"},"workflowEntityId":{"value":"d937229d-3789-ee11-be37-6045bdad128a"}},"isOnPremiseConnection":false,"bypassConsent":false,"dataSets":{},"apiTier":"Standard","actions":["Run"]},"dd586a83-b363-41f4-98a8-6cb61c9efa1e":{"id":"/providers/microsoft.powerapps/apis/shared_sharepointonline","displayName":"SharePoint","iconUri":"https://connectoricons-prod.azureedge.net/releases/v1.0.1670/1.0.1670.3526/sharepointonline/icon.png","dataSources":["Cutting"],"dependencies":[],"dependents":[],"parameterHints":{},"parameterHintsV2":{},"isOnPremiseConnection":false,"bypassConsent":false,"dataSets":{"https://ceedees.sharepoint.com/sites/CDAPP_oee_SharepointSite":{"datasetOverride":{"name":"https://ceedees.sharepoint.com/sites/CDAPP","environmentVariableName":"oee_SharepointSite"},"dataSources":{"Cutting":{"tableName":"504b2c86-a001-470f-a949-47d21938136b","tableNameOverride":{"name":"504b2c86-a001-470f-a949-47d21938136b","environmentVariableName":"oee_Cutting"}}}}},"apiTier":"Standard","actions":["providers/PowerPlatform.Governance/Operations/Read","providers/PowerPlatform.Governance/Operations/Write"]}}</ConnectionReferences>
      <DatabaseReferences>{}</DatabaseReferences>
      <AppComponents>[]</AppComponents>
      <AppComponentDependencies>[]</AppComponentDependencies>
      <CanConsumeAppPass>1</CanConsumeAppPass>
      <CanvasAppType>0</CanvasAppType>
      <BypassConsent>0</BypassConsent>
      <AdminControlBypassConsent>0</AdminControlBypassConsent>
      <EmbeddedApp xsi:nil="true"></EmbeddedApp>
      <IntroducedVersion>1.0</IntroducedVersion>
      <CdsDependencies>{"cdsdependencies":[{"dependencyid":"86e24591-b0a0-ee11-a569-6045bdac56a0","componenttype":29,"componenttypeplatformname":"Workflow"},{"dependencyid":"d937229d-3789-ee11-be37-6045bdad128a","componenttype":29,"componenttypeplatformname":"Workflow"},{"logicalname":"oee_SharepointSite","componenttype":380,"componenttypeplatformname":"EnvironmentVariableDefinition"},{"logicalname":"new_shared_sharepointonline_e0ba4626fce248a1b1cd679b9bb6b355","componenttype":380,"componenttypeplatformname":"EnvironmentVariableDefinition"},{"logicalname":"oee_shared_sharepointonline_f18ebd6501874b0d8a0308e0e251222c","componenttype":380,"componenttypeplatformname":"EnvironmentVariableDefinition"},{"logicalname":"oee_shared_sharepointonline_570c1e4a8f0845b793e57c7712d2f37d","componenttype":380,"componenttypeplatformname":"EnvironmentVariableDefinition"},{"logicalname":"oee_shared_sharepointonline_c8a42a8963a841abae58323ac07ec48d","componenttype":380,"componenttypeplatformname":"EnvironmentVariableDefinition"},{"logicalname":"oee_AutoCutting","componenttype":380,"componenttypeplatformname":"EnvironmentVariableDefinition"},{"logicalname":"oee_shared_sharepointonline_73f92ba45b9d4b7aa2dc399aa188cf1b","componenttype":380,"componenttypeplatformname":"EnvironmentVariableDefinition"},{"logicalname":"oee_shared_sharepointonline_8d0cad1d2d5941338c7607a471c0155a","componenttype":380,"componenttypeplatformname":"EnvironmentVariableDefinition"},{"logicalname":"oee_Cutting","componenttype":380,"componenttypeplatformname":"EnvironmentVariableDefinition"}]}</CdsDependencies>
      <IsCustomizable>1</IsCustomizable>
      <BackgroundImageUri>/CanvasApps/oee_rpactivitytracker_22ae1_BackgroundImageUri</BackgroundImageUri>
      <DocumentUri>/CanvasApps/oee_rpactivitytracker_22ae1_DocumentUri.msapp</DocumentUri>
      <AdditionalUris>
        <AdditionalUri>/CanvasApps/oee_rpactivitytracker_22ae1_AdditionalUris0_identity.json</AdditionalUri>
      </AdditionalUris>
    </CanvasApp>
    <CanvasApp>
      <Name>oee_oeeappv1plus_64664</Name>
      <AppVersion>2024-01-09T12:52:28Z</AppVersion>
      <Status>Ready</Status>
      <CreatedByClientVersion>3.23123.14.0</CreatedByClientVersion>
      <MinClientVersion>3.23123.14.0</MinClientVersion>
      <Tags>{"primaryDeviceWidth":"1366","primaryDeviceHeight":"768","supportsPortrait":"true","supportsLandscape":"true","primaryFormFactor":"Tablet","showStatusBar":"false","publisherVersion":"3.23123.14","minimumRequiredApiVersion":"2.2.0","hasComponent":"true","hasUnlockedComponent":"true","isUnifiedRootApp":"false","sienaVersion":"20240109T072502Z-3.23123.14.0","offlineLargeFilesSupport":"false"}</Tags>
      <IsCdsUpgraded>0</IsCdsUpgraded>
      <GalleryItemId xsi:nil="true"></GalleryItemId>
      <BackgroundColor>RGBA(0,176,240,1)</BackgroundColor>
      <DisplayName>OEE APP v1 plus</DisplayName>
      <Description xsi:nil="true"></Description>
      <CommitMessage xsi:nil="true"></CommitMessage>
      <Publisher></Publisher>
      <AuthorizationReferences>[]</AuthorizationReferences>
      <ConnectionReferences>{"2631a5d0-ca19-46b2-9286-1c428eb089ff":{"id":"/providers/microsoft.powerapps/apis/shared_sharepointonline","displayName":"SharePoint","iconUri":"https://connectoricons-prod.azureedge.net/releases/v1.0.1670/1.0.1670.3526/sharepointonline/icon.png","dataSources":["Production Order Dev","LaminationProductionIn","LaminationComponent","LaminationEmployee","Gusseting","Lamination","GussettingProductionOut","GussettingProductionIn","Employee Login","BOM Report","LaminationProductionOut","GussettingCuttingProductionOut","GussettingEmployee","GussettingCuttingProductionIn","Employee List","GussettingCuttingEmployee"],"dependencies":[],"dependents":[],"parameterHints":{},"parameterHintsV2":{},"isOnPremiseConnection":false,"bypassConsent":false,"dataSets":{"https://ceedees.sharepoint.com/sites/CDAPP":{"dataSources":{"Production Order Dev":{"tableName":"736af274-5c7e-4056-abd7-edf43aa830c6"}}},"https://ceedees.sharepoint.com/sites/CDAPP_oee_SharepointSite":{"datasetOverride":{"name":"https://ceedees.sharepoint.com/sites/CDAPP","environmentVariableName":"oee_SharepointSite"},"dataSources":{"LaminationProductionIn":{"tableName":"d13a95f7-6e91-465e-a33b-a304bf7e32da","tableNameOverride":{"name":"d13a95f7-6e91-465e-a33b-a304bf7e32da","environmentVariableName":"oee_shared_sharepointonline_ac7b618c6e914555a885762942ce8be2"}},"LaminationComponent":{"tableName":"b5cd1bb1-cb49-4e6b-9765-fa6a642a200d","tableNameOverride":{"name":"b5cd1bb1-cb49-4e6b-9765-fa6a642a200d","environmentVariableName":"oee_shared_sharepointonline_2f634691eea14d4bbdc14bcf38b6a40e"}},"LaminationEmployee":{"tableName":"246e520b-668e-480d-8e4a-ac12b17d39ea","tableNameOverride":{"name":"246e520b-668e-480d-8e4a-ac12b17d39ea","environmentVariableName":"new_shared_sharepointonline_797525008129440d9c71fabf1be1ae29"}},"Gusseting":{"tableName":"587845a8-709b-4356-8efe-68ab4bf3b1de","tableNameOverride":{"name":"587845a8-709b-4356-8efe-68ab4bf3b1de","environmentVariableName":"oee_Gusseting"}}}}},"apiTier":"Standard","actions":["providers/PowerPlatform.Governance/Operations/Read","providers/PowerPlatform.Governance/Operations/Write","providers/PowerPlatform.Governance/Operations/Delete"]},"e580ad76-cbf4-40e0-94c9-e0407088102f":{"id":"/providers/microsoft.powerapps/apis/shared_sharepointonline","displayName":"SharePoint","iconUri":"https://connectoricons-prod.azureedge.net/releases/v1.0.1670/1.0.1670.3526/sharepointonline/icon.png","dataSources":["BOM Report","Employee List","GussettingProductionOut","GussettingEmployee","GussettingCuttingProductionIn","GussettingCuttingProductionOut"],"dependencies":[],"dependents":[],"parameterHints":{},"parameterHintsV2":{},"isOnPremiseConnection":false,"bypassConsent":false,"dataSets":{"https://ceedees.sharepoint.com/sites/CDAPP":{"dataSources":{"BOM Report":{"tableName":"ac336637-12b9-43f6-a524-440627b559db"},"Employee List":{"tableName":"8cb9d55c-5fe2-4a44-bc1d-57c4184ba967"}}},"https://ceedees.sharepoint.com/sites/CDAPP_oee_SharepointSite":{"datasetOverride":{"name":"https://ceedees.sharepoint.com/sites/CDAPP","environmentVariableName":"oee_SharepointSite"},"dataSources":{"GussettingProductionOut":{"tableName":"815d8bb5-4e45-4fa6-b627-f8c196e88a52","tableNameOverride":{"name":"815d8bb5-4e45-4fa6-b627-f8c196e88a52","environmentVariableName":"oee_GussettingProductionOut"}},"GussettingEmployee":{"tableName":"0ba00d1b-c026-440d-ba90-af69535f8d66","tableNameOverride":{"name":"0ba00d1b-c026-440d-ba90-af69535f8d66","environmentVariableName":"oee_GussettingEmployee"}},"GussettingCuttingProductionIn":{"tableName":"48187bfb-3dcf-4408-a996-cb236506333f","tableNameOverride":{"name":"48187bfb-3dcf-4408-a996-cb236506333f","environmentVariableName":"oee_GussettingCuttingProductionIn"}},"GussettingCuttingProductionOut":{"tableName":"acb1f2e6-b693-474b-a6b2-6c21f444f694","tableNameOverride":{"name":"acb1f2e6-b693-474b-a6b2-6c21f444f694","environmentVariableName":"oee_GussettingCuttingProductionOut"}}}}},"apiTier":"Standard","actions":["providers/PowerPlatform.Governance/Operations/Read","providers/PowerPlatform.Governance/Operations/Write","providers/PowerPlatform.Governance/Operations/Delete"]},"1de0000b-c82a-4b29-ae73-7a1053f8ed42":{"id":"/providers/microsoft.powerapps/apis/shared_sharepointonline","displayName":"SharePoint","iconUri":"https://connectoricons-prod.azureedge.net/releases/v1.0.1670/1.0.1670.3526/sharepointonline/icon.png","dataSources":["LaminationProductionOut"],"dependencies":[],"dependents":[],"parameterHints":{},"parameterHintsV2":{},"isOnPremiseConnection":false,"bypassConsent":false,"dataSets":{"https://ceedees.sharepoint.com/sites/CDAPP_oee_SharepointSite":{"datasetOverride":{"name":"https://ceedees.sharepoint.com/sites/CDAPP","environmentVariableName":"oee_SharepointSite"},"dataSources":{"LaminationProductionOut":{"tableName":"03485e1a-70f6-49f9-9a1a-7fc589d41cbd","tableNameOverride":{"name":"03485e1a-70f6-49f9-9a1a-7fc589d41cbd","environmentVariableName":"oee_shared_sharepointonline_08989f44e4b44d17a215c5e08acb8f38"}}}}},"apiTier":"Standard","actions":["providers/PowerPlatform.Governance/Operations/Read","providers/PowerPlatform.Governance/Operations/Write","providers/PowerPlatform.Governance/Operations/Delete"]},"b436da5c-802d-4f28-bedf-fa498e371dbe":{"id":"/providers/microsoft.powerapps/apis/shared_sharepointonline","displayName":"SharePoint","iconUri":"https://connectoricons-prod.azureedge.net/releases/v1.0.1670/1.0.1670.3526/sharepointonline/icon.png","dataSources":["Employee Login"],"dependencies":[],"dependents":[],"parameterHints":{},"parameterHintsV2":{},"isOnPremiseConnection":false,"bypassConsent":false,"dataSets":{"https://ceedees.sharepoint.com/sites/CDAPP":{"dataSources":{"Employee Login":{"tableName":"ea664bb6-f09b-456c-be9a-797f654c63fa"}}}},"apiTier":"Standard","actions":["providers/PowerPlatform.Governance/Operations/Read"]},"4bd871a8-82ee-4e92-92e2-bf06efbc7d04":{"id":"/providers/microsoft.powerapps/apis/shared_sharepointonline","displayName":"SharePoint","iconUri":"https://connectoricons-prod.azureedge.net/releases/v1.0.1670/1.0.1670.3526/sharepointonline/icon.png","dataSources":["GussettingProductionIn"],"dependencies":[],"dependents":[],"parameterHints":{},"parameterHintsV2":{},"isOnPremiseConnection":false,"bypassConsent":false,"dataSets":{"https://ceedees.sharepoint.com/sites/CDAPP_oee_SharepointSite":{"datasetOverride":{"name":"https://ceedees.sharepoint.com/sites/CDAPP","environmentVariableName":"oee_SharepointSite"},"dataSources":{"GussettingProductionIn":{"tableName":"0ba50b8a-5ac5-4df3-a827-92bb7631920b","tableNameOverride":{"name":"0ba50b8a-5ac5-4df3-a827-92bb7631920b","environmentVariableName":"oee_GussettingProductionIn"}}}}},"apiTier":"Standard","actions":["providers/PowerPlatform.Governance/Operations/Read","providers/PowerPlatform.Governance/Operations/Write","providers/PowerPlatform.Governance/Operations/Delete"]},"e6611264-367a-4d26-a643-f144a3286cc3":{"id":"/providers/microsoft.powerapps/apis/shared_sharepointonline","displayName":"SharePoint","iconUri":"https://connectoricons-prod.azureedge.net/releases/v1.0.1670/1.0.1670.3526/sharepointonline/icon.png","dataSources":["GussettingCuttingEmployee"],"dependencies":[],"dependents":[],"parameterHints":{},"parameterHintsV2":{},"isOnPremiseConnection":false,"bypassConsent":false,"dataSets":{"https://ceedees.sharepoint.com/sites/CDAPP_oee_SharepointSite":{"datasetOverride":{"name":"https://ceedees.sharepoint.com/sites/CDAPP","environmentVariableName":"oee_SharepointSite"},"dataSources":{"GussettingCuttingEmployee":{"tableName":"41f83503-8a35-4099-878d-e801883e5e9a","tableNameOverride":{"name":"41f83503-8a35-4099-878d-e801883e5e9a","environmentVariableName":"oee_GussettingCuttingEmployee"}}}}},"apiTier":"Standard","actions":["providers/PowerPlatform.Governance/Operations/Read","providers/PowerPlatform.Governance/Operations/Write","providers/PowerPlatform.Governance/Operations/Delete"]},"cda9f8c2-7fea-417d-ac0f-4df736910a3a":{"id":"/providers/microsoft.powerapps/apis/shared_sharepointonline","displayName":"SharePoint","iconUri":"https://connectoricons-prod.azureedge.net/releases/v1.0.1670/1.0.1670.3526/sharepointonline/icon.png","dataSources":["GussetingCutting"],"dependencies":[],"dependents":[],"parameterHints":{},"parameterHintsV2":{},"isOnPremiseConnection":false,"bypassConsent":false,"dataSets":{"https://ceedees.sharepoint.com/sites/CDAPP_oee_SharepointSite":{"datasetOverride":{"name":"https://ceedees.sharepoint.com/sites/CDAPP","environmentVariableName":"oee_SharepointSite"},"dataSources":{"GussetingCutting":{"tableName":"653dd0a0-452e-4392-adb5-87c314646e40","tableNameOverride":{"name":"653dd0a0-452e-4392-adb5-87c314646e40","environmentVariableName":"oee_GussetingCutting"}}}}},"apiTier":"Standard","actions":["providers/PowerPlatform.Governance/Operations/Read","providers/PowerPlatform.Governance/Operations/Write"]},"9573873b-3272-46ab-8f26-2f6bd2057791":{"id":"/providers/microsoft.powerapps/apis/shared_sharepointonline","displayName":"SharePoint","iconUri":"https://connectoricons-prod.azureedge.net/releases/v1.0.1670/1.0.1670.3526/sharepointonline/icon.png","dataSources":["Lamination"],"dependencies":[],"dependents":[],"parameterHints":{},"parameterHintsV2":{},"isOnPremiseConnection":false,"bypassConsent":false,"dataSets":{"https://ceedees.sharepoint.com/sites/CDAPP_oee_SharepointSite":{"datasetOverride":{"name":"https://ceedees.sharepoint.com/sites/CDAPP","environmentVariableName":"oee_SharepointSite"},"dataSources":{"Lamination":{"tableName":"e289a140-b319-4002-a4d8-e0d8b20a555c","tableNameOverride":{"name":"e289a140-b319-4002-a4d8-e0d8b20a555c","environmentVariableName":"oee_shared_sharepointonline_a31576ddcaf748aea00b266d90cb3bdf"}}}}},"apiTier":"Standard","actions":["providers/PowerPlatform.Governance/Operations/Read","providers/PowerPlatform.Governance/Operations/Write"]},"d1169c8d-137c-4bc2-9056-5157479faa45":{"id":"/providers/microsoft.powerapps/apis/shared_logicflows","displayName":"Logic flows","iconUri":"https://connectoricons-prod.azureedge.net/releases/v1.0.1664/1.0.1664.3477/logicflows/icon.png","dataSources":["FetchEmployee"],"dependencies":[],"dependents":[],"parameterHints":{"workflowName":{"value":"c1f7c654-f58f-4297-b7be-3ae13fa87bf2"},"workflowEntityId":{"value":"86e24591-b0a0-ee11-a569-6045bdac56a0"}},"parameterHintsV2":{"workflowName":{"value":"c1f7c654-f58f-4297-b7be-3ae13fa87bf2"},"workflowEntityId":{"value":"86e24591-b0a0-ee11-a569-6045bdac56a0"}},"isOnPremiseConnection":false,"bypassConsent":false,"dataSets":{},"apiTier":"Standard","actions":["Run"]},"4e6eef85-0091-4fea-84f2-63e553b50d72":{"id":"/providers/microsoft.powerapps/apis/shared_logicflows","displayName":"Logic flows","iconUri":"https://connectoricons-prod.azureedge.net/releases/v1.0.1664/1.0.1664.3477/logicflows/icon.png","dataSources":["GetEnviVariables"],"dependencies":[],"dependents":[],"parameterHints":{"workflowName":{"value":"8dd1738c-1cc7-4d22-aaef-d838a0357a72"},"workflowEntityId":{"value":"d937229d-3789-ee11-be37-6045bdad128a"}},"parameterHintsV2":{"workflowName":{"value":"8dd1738c-1cc7-4d22-aaef-d838a0357a72"},"workflowEntityId":{"value":"d937229d-3789-ee11-be37-6045bdad128a"}},"isOnPremiseConnection":false,"bypassConsent":false,"dataSets":{},"apiTier":"Standard","actions":["Run"]}}</ConnectionReferences>
      <DatabaseReferences>{}</DatabaseReferences>
      <AppComponents>[]</AppComponents>
      <AppComponentDependencies>[]</AppComponentDependencies>
      <CanConsumeAppPass>1</CanConsumeAppPass>
      <CanvasAppType>0</CanvasAppType>
      <BypassConsent>0</BypassConsent>
      <AdminControlBypassConsent>0</AdminControlBypassConsent>
      <EmbeddedApp xsi:nil="true"></EmbeddedApp>
      <IntroducedVersion>1.0</IntroducedVersion>
      <CdsDependencies>{"cdsdependencies":[{"dependencyid":"86e24591-b0a0-ee11-a569-6045bdac56a0","componenttype":29,"componenttypeplatformname":"Workflow"},{"dependencyid":"d937229d-3789-ee11-be37-6045bdad128a","componenttype":29,"componenttypeplatformname":"Workflow"},{"logicalname":"oee_SharepointSite","componenttype":380,"componenttypeplatformname":"EnvironmentVariableDefinition"},{"logicalname":"oee_shared_sharepointonline_ac7b618c6e914555a885762942ce8be2","componenttype":380,"componenttypeplatformname":"EnvironmentVariableDefinition"},{"logicalname":"oee_shared_sharepointonline_2f634691eea14d4bbdc14bcf38b6a40e","componenttype":380,"componenttypeplatformname":"EnvironmentVariableDefinition"},{"logicalname":"new_shared_sharepointonline_797525008129440d9c71fabf1be1ae29","componenttype":380,"componenttypeplatformname":"EnvironmentVariableDefinition"},{"logicalname":"oee_Gusseting","componenttype":380,"componenttypeplatformname":"EnvironmentVariableDefinition"},{"logicalname":"oee_GussettingProductionOut","componenttype":380,"componenttypeplatformname":"EnvironmentVariableDefinition"},{"logicalname":"oee_GussettingEmployee","componenttype":380,"componenttypeplatformname":"EnvironmentVariableDefinition"},{"logicalname":"oee_GussettingCuttingProductionIn","componenttype":380,"componenttypeplatformname":"EnvironmentVariableDefinition"},{"logicalname":"oee_GussettingCuttingProductionOut","componenttype":380,"componenttypeplatformname":"EnvironmentVariableDefinition"},{"logicalname":"oee_shared_sharepointonline_08989f44e4b44d17a215c5e08acb8f38","componenttype":380,"componenttypeplatformname":"EnvironmentVariableDefinition"},{"logicalname":"oee_GussettingProductionIn","componenttype":380,"componenttypeplatformname":"EnvironmentVariableDefinition"},{"logicalname":"oee_GussettingCuttingEmployee","componenttype":380,"componenttypeplatformname":"EnvironmentVariableDefinition"},{"logicalname":"oee_GussetingCutting","componenttype":380,"componenttypeplatformname":"EnvironmentVariableDefinition"},{"logicalname":"oee_shared_sharepointonline_a31576ddcaf748aea00b266d90cb3bdf","componenttype":380,"componenttypeplatformname":"EnvironmentVariableDefinition"}]}</CdsDependencies>
      <IsCustomizable>1</IsCustomizable>
      <BackgroundImageUri>/CanvasApps/oee_oeeappv1plus_64664_BackgroundImageUri</BackgroundImageUri>
      <DocumentUri>/CanvasApps/oee_oeeappv1plus_64664_DocumentUri.msapp</DocumentUri>
      <AdditionalUris>
        <AdditionalUri>/CanvasApps/oee_oeeappv1plus_64664_AdditionalUris0_identity.json</AdditionalUri>
      </AdditionalUris>
    </CanvasApp>
  </CanvasApps>
  <connectionreferences>
    <connectionreference connectionreferencelogicalname="oee_FetchEmployeeList">
      <connectionreferencedisplayname>Fetch Employee List</connectionreferencedisplayname>
      <connectorid>/providers/Microsoft.PowerApps/apis/shared_sql</connectorid>
      <iscustomizable>1</iscustomizable>
      <statecode>0</statecode>
      <statuscode>1</statuscode>
    </connectionreference>
  </connectionreferences>
  <Languages>
    <Language>1033</Language>
  </Languages>
</ImportExportXml>