<environmentvariabledefinition schemaname="oee_shared_sharepointonline_c8a42a8963a841abae58323ac07ec48d">
  <apiid>/providers/microsoft.powerapps/apis/shared_sharepointonline</apiid>
  <displayname default="RollPrintingProductionOut">
    <label description="RollPrintingProductionOut" languagecode="1033" />
  </displayname>
  <introducedversion>1.0.0.1</introducedversion>
  <iscustomizable>1</iscustomizable>
  <isrequired>0</isrequired>
  <parameterkey>table</parameterkey>
  <parentdefinitionid>
    <schemaname>oee_SharepointSite</schemaname>
  </parentdefinitionid>
  <secretstore>0</secretstore>
  <type>100000004</type>
</environmentvariabledefinition>