<environmentvariabledefinition schemaname="oee_BagPrinting">
  <apiid>/providers/microsoft.powerapps/apis/shared_sharepointonline</apiid>
  <defaultvalue>9a20c6f8-5856-40b1-9b8f-026e6d07a3bd</defaultvalue>
  <displayname default="BagPrinting">
    <label description="BagPrinting" languagecode="1033" />
  </displayname>
  <introducedversion>1.3.1.1</introducedversion>
  <iscustomizable>1</iscustomizable>
  <isrequired>0</isrequired>
  <parameterkey>table</parameterkey>
  <parentdefinitionid>
    <schemaname>oee_SharepointSite</schemaname>
  </parentdefinitionid>
  <secretstore>0</secretstore>
  <type>100000004</type>
</environmentvariabledefinition>