<environmentvariabledefinition schemaname="oee_shared_sharepointonline_24a1299ee862447eb36f99dbacd6dae3">
  <apiid>/providers/microsoft.powerapps/apis/shared_sharepointonline</apiid>
  <displayname default="TubingEmployee">
    <label description="TubingEmployee" languagecode="1033" />
  </displayname>
  <introducedversion>1.3.1.1</introducedversion>
  <iscustomizable>1</iscustomizable>
  <isrequired>0</isrequired>
  <parameterkey>table</parameterkey>
  <parentdefinitionid>
    <schemaname>oee_SharepointSite</schemaname>
  </parentdefinitionid>
  <secretstore>0</secretstore>
  <type>100000004</type>
</environmentvariabledefinition>