<environmentvariabledefinition schemaname="oee_SharepointSite">
  <apiid>/providers/microsoft.powerapps/apis/shared_sharepointonline</apiid>
  <defaultvalue>https://ceedees.sharepoint.com/sites/CDAPP</defaultvalue>
  <displayname default="Sharepoint Site">
    <label description="Sharepoint Site" languagecode="1033" />
  </displayname>
  <introducedversion>1.0.0.0</introducedversion>
  <iscustomizable>1</iscustomizable>
  <isrequired>0</isrequired>
  <parameterkey>dataset</parameterkey>
  <secretstore>0</secretstore>
  <type>100000004</type>
</environmentvariabledefinition>