{
  "properties": {
    "connectionReferences": {
      "shared_sql": {
        "runtimeSource": "embedded",
        "connection": {
          "connectionReferenceLogicalName": "oee_FetchEmployeeList"
        },
        "api": {
          "name": "shared_sql"
        }
      }
    },
    "definition": {
      "$schema": "https://schema.management.azure.com/providers/Microsoft.Logic/schemas/2016-06-01/workflowdefinition.json#",
      "contentVersion": "1.0.0.0",
      "parameters": {
        "$connections": {
          "defaultValue": {},
          "type": "Object"
        },
        "$authentication": {
          "defaultValue": {},
          "type": "SecureObject"
        }
      },
      "triggers": {
        "manual": {
          "metadata": {
            "operationMetadataId": "a389f25e-1207-4f45-a95e-3dfc6e5edfbd"
          },
          "type": "Request",
          "kind": "PowerAppV2",
          "inputs": {
            "schema": {
              "type": "object",
              "properties": {},
              "required": []
            }
          }
        }
      },
      "actions": {
        "Get_rows_(V2)": {
          "runAfter": {},
          "metadata": {
            "operationMetadataId": "6f2fd940-0e47-4e55-a218-6840df4cbdeb"
          },
          "type": "OpenApiConnection",
          "inputs": {
            "host": {
              "apiId": "/providers/Microsoft.PowerApps/apis/shared_sql",
              "connectionName": "shared_sql",
              "operationId": "GetItems_V2"
            },
            "parameters": {
              "server": "default",
              "database": "default",
              "table": "[dbo].[EmpMaster]"
            },
            "authentication": {
              "value": "@json(decodeBase64(triggerOutputs().headers['X-MS-APIM-Tokens']))['$ConnectionKey']",
              "type": "Raw"
            }
          }
        },
        "Compose_Value_List_of_items": {
          "runAfter": {
            "Get_rows_(V2)": [
              "Succeeded"
            ]
          },
          "metadata": {
            "operationMetadataId": "dcb629c2-0a6e-47f1-896f-257c1bafc0fb"
          },
          "type": "Compose",
          "inputs": "@outputs('Get_rows_(V2)')?['body/value']"
        },
        "Parse_JSON": {
          "runAfter": {
            "Compose_Value_List_of_items": [
              "Succeeded"
            ]
          },
          "metadata": {
            "operationMetadataId": "62c0af95-20f9-433a-b8f3-b27ce8274656"
          },
          "type": "ParseJson",
          "inputs": {
            "content": "@outputs('Compose_Value_List_of_items')",
            "schema": {
              "type": "array",
              "items": {
                "type": "object",
                "properties": {
                  "@@odata.etag": {
                    "type": "string"
                  },
                  "ItemInternalId": {
                    "type": "string"
                  },
                  "RowId": {
                    "type": "integer"
                  },
                  "EmpId": {
                    "type": "string"
                  },
                  "EmpName": {
                    "type": "string"
                  },
                  "EmpDept": {
                    "type": "string"
                  },
                  "EmpSection": {
                    "type": "string"
                  },
                  "EmpManagerId": {
                    "type": "string"
                  },
                  "EmpManagerName": {
                    "type": "string"
                  },
                  "EmpCreatedTime": {
                    "type": "string"
                  },
                  "EmpCreatedBy": {
                    "type": "string"
                  },
                  "EmpJoinedDate": {
                    "type": "string"
                  },
                  "EmpStatus": {
                    "type": "string"
                  },
                  "EmpType": {
                    "type": "string"
                  },
                  "EmpRole": {
                    "type": "string"
                  }
                },
                "required": [
                  "@@odata.etag",
                  "ItemInternalId",
                  "RowId",
                  "EmpId",
                  "EmpName",
                  "EmpDept",
                  "EmpSection",
                  "EmpManagerId",
                  "EmpManagerName",
                  "EmpJoinedDate",
                  "EmpType",
                  "EmpRole"
                ]
              }
            }
          }
        },
        "Response": {
          "runAfter": {
            "Parse_JSON": [
              "Succeeded"
            ]
          },
          "metadata": {
            "operationMetadataId": "5fdb53b3-659f-44a5-b0af-493072b9c1d1"
          },
          "type": "Response",
          "kind": "Http",
          "inputs": {
            "statusCode": 200,
            "body": "@body('Parse_JSON')",
            "schema": {
              "type": "array",
              "items": {
                "type": "object",
                "properties": {
                  "@@odata.etag": {
                    "type": "string"
                  },
                  "ItemInternalId": {
                    "type": "string"
                  },
                  "RowId": {
                    "type": "integer"
                  },
                  "EmpId": {
                    "type": "string"
                  },
                  "EmpName": {
                    "type": "string"
                  },
                  "EmpDept": {
                    "type": "string"
                  },
                  "EmpSection": {
                    "type": "string"
                  },
                  "EmpManagerId": {
                    "type": "string"
                  },
                  "EmpManagerName": {
                    "type": "string"
                  },
                  "EmpCreatedTime": {
                    "type": "string"
                  },
                  "EmpCreatedBy": {
                    "type": "string"
                  },
                  "EmpJoinedDate": {
                    "type": "string"
                  },
                  "EmpStatus": {
                    "type": "string"
                  },
                  "EmpType": {
                    "type": "string"
                  },
                  "EmpRole": {
                    "type": "string"
                  }
                },
                "required": [
                  "@@odata.etag",
                  "ItemInternalId",
                  "RowId",
                  "EmpId",
                  "EmpName",
                  "EmpDept",
                  "EmpSection",
                  "EmpManagerId",
                  "EmpManagerName",
                  "EmpJoinedDate",
                  "EmpType",
                  "EmpRole"
                ]
              }
            }
          }
        }
      },
      "outputs": {}
    },
    "templateName": null
  },
  "schemaVersion": "1.0.0.0"
}