{
  "properties": {
    "connectionReferences": {},
    "definition": {
      "$schema": "https://schema.management.azure.com/providers/Microsoft.Logic/schemas/2016-06-01/workflowdefinition.json#",
      "contentVersion": "1.0.0.0",
      "parameters": {
        "$authentication": {
          "defaultValue": {},
          "type": "SecureObject"
        },
        "RPActivityTrackerUrl (oee_RPActivityTrackerUrl)": {
          "defaultValue": "https://apps.powerapps.com/play/e/055193c5-914c-ec3b-b064-987ea2e03cd6/a/f63eebec-0d09-4f2e-9946-e0bce8147c92?tenantId=3cc3f943-7093-48f0-810d-180b36434702&hint=38567f5f-7643-4505-86e8-e6b32a142389&sourcetime=1702048128497&source=portal",
          "type": "String",
          "metadata": {
            "schemaName": "oee_RPActivityTrackerUrl"
          }
        },
        "OEEAppV1plusUrl (oee_AppV1plusUrl)": {
          "defaultValue": "https://apps.powerapps.com/play/e/055193c5-914c-ec3b-b064-987ea2e03cd6/a/500e7498-802a-486c-814d-f71c9d441449?tenantId=3cc3f943-7093-48f0-810d-180b36434702&hint=8f1cc306-7501-4e95-aa36-cff9a44dfb9b&sourcetime=1703063760527&source=portal",
          "type": "String",
          "metadata": {
            "schemaName": "oee_AppV1plusUrl"
          }
        },
        "OEEAppV2Url (oee_OEEAppV2Url)": {
          "defaultValue": "https://apps.powerapps.com/play/e/055193c5-914c-ec3b-b064-987ea2e03cd6/a/95efb99a-8834-4643-bdf9-5bb9aae3b003?tenantId=3cc3f943-7093-48f0-810d-180b36434702&hint=3bbe5638-ab82-4835-a3e5-380b68849e25&sourcetime=1702048032087&source=portal",
          "type": "String",
          "metadata": {
            "schemaName": "oee_OEEAppV2Url"
          }
        },
        "OeeApV3url (oee_OeeApV3url)": {
          "defaultValue": "https://apps.powerapps.com/play/e/055193c5-914c-ec3b-b064-987ea2e03cd6/a/e0a181a7-2c58-4121-a756-6a8e7b2e90b8?tenantId=3cc3f943-7093-48f0-810d-180b36434702&hint=919df8b1-6b2b-4696-b401-7e7c536c8eca&sourcetime=1702048095241&source=portal",
          "type": "String",
          "metadata": {
            "schemaName": "oee_OeeApV3url"
          }
        },
        "OeeAppV2plusUrl (oee_OeeAppV2plusUrl)": {
          "defaultValue": "https://apps.powerapps.com/play/e/055193c5-914c-ec3b-b064-987ea2e03cd6/a/23a5d918-7a27-4359-8053-75b14c2035e3?tenantId=3cc3f943-7093-48f0-810d-180b36434702&hint=b1e9b2f8-4199-4150-a4de-687b9fba8cf1&sourcetime=1703147281621&source=portal",
          "type": "String",
          "metadata": {
            "schemaName": "oee_OeeAppV2plusUrl"
          }
        },
        "Environment (oee_Environment)": {
          "defaultValue": "PROD",
          "type": "String",
          "metadata": {
            "schemaName": "oee_Environment"
          }
        },
        "AppV1Url (oee_AppV1Url)": {
          "defaultValue": "https://apps.powerapps.com/play/e/055193c5-914c-ec3b-b064-987ea2e03cd6/a/aabb78cc-bf42-454a-b1a9-57da5b9cf80e?tenantId=3cc3f943-7093-48f0-810d-180b36434702&hint=457a5a1d-da53-43c5-8cd4-ea3a839cca4f&sourcetime=1703674382282&source=portal",
          "type": "String",
          "metadata": {
            "schemaName": "oee_AppV1Url"
          }
        }
      },
      "triggers": {
        "manual": {
          "metadata": {
            "operationMetadataId": "81846376-cf31-4f6c-b4f9-74a1fd85c093"
          },
          "type": "Request",
          "kind": "PowerAppV2",
          "inputs": {
            "schema": {
              "type": "object",
              "properties": {},
              "required": []
            }
          }
        }
      },
      "actions": {
        "Respond_to_a_PowerApp_or_flow": {
          "runAfter": {},
          "metadata": {
            "operationMetadataId": "ce7a7a0b-7022-4707-b84d-14852c10baa7"
          },
          "type": "Response",
          "kind": "PowerApp",
          "inputs": {
            "statusCode": 200,
            "body": {
              "rpurl": "@parameters('RPActivityTrackerUrl (oee_RPActivityTrackerUrl)')",
              "appviplusurl": "@parameters('OEEAppV1plusUrl (oee_AppV1plusUrl)')",
              "oeeapv2": "@parameters('OEEAppV2Url (oee_OEEAppV2Url)')",
              "oeeappv2plus": "@parameters('OeeAppV2plusUrl (oee_OeeAppV2plusUrl)')",
              "oeeappv3": "@parameters('OeeApV3url (oee_OeeApV3url)')",
              "env": "@parameters('Environment (oee_Environment)')",
              "version": "2.1.0.0",
              "oeeappv1": "@parameters('AppV1Url (oee_AppV1Url)')"
            },
            "schema": {
              "type": "object",
              "properties": {
                "rpurl": {
                  "title": "RpUrl",
                  "x-ms-dynamically-added": true,
                  "type": "string"
                },
                "appviplusurl": {
                  "title": "AppViPlusUrl",
                  "x-ms-dynamically-added": true,
                  "type": "string"
                },
                "oeeapv2": {
                  "title": "OeeApV2",
                  "x-ms-dynamically-added": true,
                  "type": "string"
                },
                "oeeappv2plus": {
                  "title": "OeeAppV2Plus",
                  "x-ms-dynamically-added": true,
                  "type": "string"
                },
                "oeeappv3": {
                  "title": "OeeAppV3",
                  "x-ms-dynamically-added": true,
                  "type": "string"
                },
                "env": {
                  "title": "Env",
                  "x-ms-dynamically-added": true,
                  "type": "string"
                },
                "version": {
                  "title": "version",
                  "x-ms-dynamically-added": true,
                  "type": "string"
                },
                "oeeappv1": {
                  "title": "OeeAppV1",
                  "x-ms-dynamically-added": true,
                  "type": "string"
                }
              }
            }
          }
        }
      },
      "outputs": {}
    },
    "templateName": ""
  },
  "schemaVersion": "1.0.0.0"
}