<environmentvariabledefinition schemaname="oee_GussetingCutting">
  <apiid>/providers/microsoft.powerapps/apis/shared_sharepointonline</apiid>
  <defaultvalue>1a6dbccd-7f26-43f5-b23c-7bb1c7ad5b12</defaultvalue>
  <displayname default="GussetingCutting">
    <label description="GussetingCutting" languagecode="1033" />
  </displayname>
  <introducedversion>1.2.0.1</introducedversion>
  <iscustomizable>1</iscustomizable>
  <isrequired>0</isrequired>
  <parameterkey>table</parameterkey>
  <parentdefinitionid>
    <schemaname>oee_SharepointSite</schemaname>
  </parentdefinitionid>
  <secretstore>0</secretstore>
  <type>100000004</type>
</environmentvariabledefinition>