<environmentvariabledefinition schemaname="oee_shared_sharepointonline_73f92ba45b9d4b7aa2dc399aa188cf1b">
  <apiid>/providers/microsoft.powerapps/apis/shared_sharepointonline</apiid>
  <displayname default="RollPrintingEmployee">
    <label description="RollPrintingEmployee" languagecode="1033" />
  </displayname>
  <introducedversion>1.3.1.1</introducedversion>
  <iscustomizable>1</iscustomizable>
  <isrequired>0</isrequired>
  <parameterkey>table</parameterkey>
  <parentdefinitionid>
    <schemaname>oee_SharepointSite</schemaname>
  </parentdefinitionid>
  <secretstore>0</secretstore>
  <type>100000004</type>
</environmentvariabledefinition>