<environmentvariabledefinition schemaname="oee_GussettingCuttingProductionIn">
  <apiid>/providers/microsoft.powerapps/apis/shared_sharepointonline</apiid>
  <defaultvalue>48187bfb-3dcf-4408-a996-cb236506333f</defaultvalue>
  <displayname default="GussettingCuttingProductionIn">
    <label description="GussettingCuttingProductionIn" languagecode="1033" />
  </displayname>
  <introducedversion>1.3.1.3</introducedversion>
  <iscustomizable>1</iscustomizable>
  <isrequired>0</isrequired>
  <parameterkey>table</parameterkey>
  <parentdefinitionid>
    <schemaname>oee_SharepointSite</schemaname>
  </parentdefinitionid>
  <secretstore>0</secretstore>
  <type>100000004</type>
</environmentvariabledefinition>