<environmentvariabledefinition schemaname="oee_shared_sharepointonline_8d0cad1d2d5941338c7607a471c0155a">
  <apiid>/providers/microsoft.powerapps/apis/shared_sharepointonline</apiid>
  <displayname default="CuttingEmployee">
    <label description="CuttingEmployee" languagecode="1033" />
  </displayname>
  <introducedversion>1.3.1.1</introducedversion>
  <iscustomizable>1</iscustomizable>
  <isrequired>0</isrequired>
  <parameterkey>table</parameterkey>
  <parentdefinitionid>
    <schemaname>oee_SharepointSite</schemaname>
  </parentdefinitionid>
  <secretstore>0</secretstore>
  <type>100000004</type>
</environmentvariabledefinition>