<environmentvariabledefinition schemaname="oee_ValveFoldingEmployee">
  <apiid>/providers/microsoft.powerapps/apis/shared_sharepointonline</apiid>
  <defaultvalue>83e61816-2a71-4b72-b02c-44d7d8c6c673</defaultvalue>
  <displayname default="ValveFoldingEmployee">
    <label description="ValveFoldingEmployee" languagecode="1033" />
  </displayname>
  <introducedversion>1.3.1.3</introducedversion>
  <iscustomizable>1</iscustomizable>
  <isrequired>0</isrequired>
  <parameterkey>table</parameterkey>
  <parentdefinitionid>
    <schemaname>oee_SharepointSite</schemaname>
  </parentdefinitionid>
  <secretstore>0</secretstore>
  <type>100000004</type>
</environmentvariabledefinition>