<environmentvariabledefinition schemaname="new_shared_sharepointonline_ce6642e685f2440599cfe1e8376cacf7">
  <apiid>/providers/microsoft.powerapps/apis/shared_sharepointonline</apiid>
  <displayname default="YarnEmployee">
    <label description="YarnEmployee" languagecode="1033" />
  </displayname>
  <introducedversion>1.0</introducedversion>
  <iscustomizable>1</iscustomizable>
  <isrequired>0</isrequired>
  <parameterkey>table</parameterkey>
  <parentdefinitionid>
    <schemaname>oee_SharepointSite</schemaname>
  </parentdefinitionid>
  <secretstore>0</secretstore>
  <type>100000004</type>
</environmentvariabledefinition>