<environmentvariabledefinition schemaname="oee_Cutting">
  <apiid>/providers/microsoft.powerapps/apis/shared_sharepointonline</apiid>
  <defaultvalue>504b2c86-a001-470f-a949-47d21938136b</defaultvalue>
  <displayname default="Cutting">
    <label description="Cutting" languagecode="1033" />
  </displayname>
  <introducedversion>1.2.0.1</introducedversion>
  <iscustomizable>1</iscustomizable>
  <isrequired>0</isrequired>
  <parameterkey>table</parameterkey>
  <parentdefinitionid>
    <schemaname>oee_SharepointSite</schemaname>
  </parentdefinitionid>
  <secretstore>0</secretstore>
  <type>100000004</type>
</environmentvariabledefinition>