<environmentvariabledefinition schemaname="oee_GussettingProductionOut">
  <apiid>/providers/microsoft.powerapps/apis/shared_sharepointonline</apiid>
  <defaultvalue>815d8bb5-4e45-4fa6-b627-f8c196e88a52</defaultvalue>
  <displayname default="GussettingProductionOut">
    <label description="GussettingProductionOut" languagecode="1033" />
  </displayname>
  <introducedversion>1.3.1.2</introducedversion>
  <iscustomizable>1</iscustomizable>
  <isrequired>0</isrequired>
  <parameterkey>table</parameterkey>
  <parentdefinitionid>
    <schemaname>oee_SharepointSite</schemaname>
  </parentdefinitionid>
  <secretstore>0</secretstore>
  <type>100000004</type>
</environmentvariabledefinition>