<environmentvariabledefinition schemaname="new_shared_sharepointonline_797525008129440d9c71fabf1be1ae29">
  <apiid>/providers/microsoft.powerapps/apis/shared_sharepointonline</apiid>
  <displayname default="LaminationEmployee">
    <label description="LaminationEmployee" languagecode="1033" />
  </displayname>
  <introducedversion>1.0</introducedversion>
  <iscustomizable>1</iscustomizable>
  <isrequired>0</isrequired>
  <parameterkey>table</parameterkey>
  <parentdefinitionid>
    <schemaname>oee_SharepointSite</schemaname>
  </parentdefinitionid>
  <secretstore>0</secretstore>
  <type>100000004</type>
</environmentvariabledefinition>