<environmentvariabledefinition schemaname="oee_GussettingCuttingProductionOut">
  <apiid>/providers/microsoft.powerapps/apis/shared_sharepointonline</apiid>
  <defaultvalue>acb1f2e6-b693-474b-a6b2-6c21f444f694</defaultvalue>
  <displayname default="GussettingCuttingProductionOut">
    <label description="GussettingCuttingProductionOut" languagecode="1033" />
  </displayname>
  <introducedversion>1.3.1.3</introducedversion>
  <iscustomizable>1</iscustomizable>
  <isrequired>0</isrequired>
  <parameterkey>table</parameterkey>
  <parentdefinitionid>
    <schemaname>oee_SharepointSite</schemaname>
  </parentdefinitionid>
  <secretstore>0</secretstore>
  <type>100000004</type>
</environmentvariabledefinition>