<environmentvariabledefinition schemaname="oee_GussettingCuttingEmployee">
  <apiid>/providers/microsoft.powerapps/apis/shared_sharepointonline</apiid>
  <defaultvalue>41f83503-8a35-4099-878d-e801883e5e9a</defaultvalue>
  <displayname default="GussettingCuttingEmployee">
    <label description="GussettingCuttingEmployee" languagecode="1033" />
  </displayname>
  <introducedversion>1.3.1.3</introducedversion>
  <iscustomizable>1</iscustomizable>
  <isrequired>0</isrequired>
  <parameterkey>table</parameterkey>
  <parentdefinitionid>
    <schemaname>oee_SharepointSite</schemaname>
  </parentdefinitionid>
  <secretstore>0</secretstore>
  <type>100000004</type>
</environmentvariabledefinition>