<environmentvariabledefinition schemaname="oee_Tubing">
  <apiid>/providers/microsoft.powerapps/apis/shared_sharepointonline</apiid>
  <defaultvalue>500a90ca-4ea7-41d7-95bc-08f1423bfe74</defaultvalue>
  <displayname default="Tubing">
    <label description="Tubing" languagecode="1033" />
  </displayname>
  <introducedversion>1.3.1.1</introducedversion>
  <iscustomizable>1</iscustomizable>
  <isrequired>0</isrequired>
  <parameterkey>table</parameterkey>
  <parentdefinitionid>
    <schemaname>oee_SharepointSite</schemaname>
  </parentdefinitionid>
  <secretstore>0</secretstore>
  <type>100000004</type>
</environmentvariabledefinition>