<environmentvariabledefinition schemaname="oee_AutoCuttingStitching">
  <apiid>/providers/microsoft.powerapps/apis/shared_sharepointonline</apiid>
  <defaultvalue>25b7f632-7f88-4f2a-9759-452ebbda51ba</defaultvalue>
  <displayname default="AutoCuttingStitching">
    <label description="AutoCuttingStitching" languagecode="1033" />
  </displayname>
  <introducedversion>1.2.0.1</introducedversion>
  <iscustomizable>1</iscustomizable>
  <isrequired>0</isrequired>
  <parameterkey>table</parameterkey>
  <parentdefinitionid>
    <schemaname>oee_SharepointSite</schemaname>
  </parentdefinitionid>
  <secretstore>0</secretstore>
  <type>100000004</type>
</environmentvariabledefinition>