<environmentvariabledefinition schemaname="oee_GussettingProductionIn">
  <apiid>/providers/microsoft.powerapps/apis/shared_sharepointonline</apiid>
  <defaultvalue>0ba50b8a-5ac5-4df3-a827-92bb7631920b</defaultvalue>
  <displayname default="GussettingProductionIn">
    <label description="GussettingProductionIn" languagecode="1033" />
  </displayname>
  <introducedversion>1.3.1.2</introducedversion>
  <iscustomizable>1</iscustomizable>
  <isrequired>0</isrequired>
  <parameterkey>table</parameterkey>
  <parentdefinitionid>
    <schemaname>oee_SharepointSite</schemaname>
  </parentdefinitionid>
  <secretstore>0</secretstore>
  <type>100000004</type>
</environmentvariabledefinition>