<environmentvariabledefinition schemaname="oee_shared_sharepointonline_f190f0b18b894136b0390bf98b633113">
  <apiid>/providers/microsoft.powerapps/apis/shared_sharepointonline</apiid>
  <displayname default="Loom">
    <label description="Loom" languagecode="1033" />
  </displayname>
  <introducedversion>1.1.0.1</introducedversion>
  <iscustomizable>1</iscustomizable>
  <isrequired>0</isrequired>
  <parameterkey>table</parameterkey>
  <parentdefinitionid>
    <schemaname>oee_SharepointSite</schemaname>
  </parentdefinitionid>
  <secretstore>0</secretstore>
  <type>100000004</type>
</environmentvariabledefinition>