<environmentvariabledefinition schemaname="oee_GussettingEmployee">
  <apiid>/providers/microsoft.powerapps/apis/shared_sharepointonline</apiid>
  <defaultvalue>0ba00d1b-c026-440d-ba90-af69535f8d66</defaultvalue>
  <displayname default="GussettingEmployee">
    <label description="GussettingEmployee" languagecode="1033" />
  </displayname>
  <introducedversion>1.3.1.2</introducedversion>
  <iscustomizable>1</iscustomizable>
  <isrequired>0</isrequired>
  <parameterkey>table</parameterkey>
  <parentdefinitionid>
    <schemaname>oee_SharepointSite</schemaname>
  </parentdefinitionid>
  <secretstore>0</secretstore>
  <type>100000004</type>
</environmentvariabledefinition>